source_id,row_number,reason
crowdsourcing_aggregated,1,nulo_obligatorio:tipo_via
crowdsourcing_aggregated,2,nulo_obligatorio:tipo_via
crowdsourcing_aggregated,3,nulo_obligatorio:tipo_via
crowdsourcing_aggregated,4,nulo_obligatorio:tipo_via
crowdsourcing_aggregated,5,nulo_obligatorio:tipo_via
crowdsourcing_aggregated,6,nulo_obligatorio:tipo_via
crowdsourcing_aggregated,7,nulo_obligatorio:tipo_via
crowdsourcing_aggregated,8,nulo_obligatorio:tipo_via
crowdsourcing_aggregated,9,nulo_obligatorio:tipo_via
crowdsourcing_aggregated,10,nulo_obligatorio:tipo_via
crowdsourcing_aggregated,11,nulo_obligatorio:tipo_via
crowdsourcing_aggregated,12,nulo_obligatorio:tipo_via
crowdsourcing_aggregated,13,nulo_obligatorio:tipo_via
crowdsourcing_aggregated,14,nulo_obligatorio:tipo_via
crowdsourcing_aggregated,15,nulo_obligatorio:tipo_via
crowdsourcing_aggregated,16,nulo_obligatorio:tipo_via
crowdsourcing_aggregated,17,nulo_obligatorio:tipo_via
crowdsourcing_aggregated,18,nulo_obligatorio:tipo_via
crowdsourcing_aggregated,19,nulo_obligatorio:tipo_via
crowdsourcing_aggregated,20,nulo_obligatorio:tipo_via
crowdsourcing_aggregated,21,nulo_obligatorio:tipo_via
crowdsourcing_aggregated,22,nulo_obligatorio:tipo_via
crowdsourcing_aggregated,23,nulo_obligatorio:tipo_via
crowdsourcing_aggregated,24,nulo_obligatorio:tipo_via
crowdsourcing_aggregated,25,nulo_obligatorio:tipo_via
crowdsourcing_aggregated,26,nulo_obligatorio:tipo_via
crowdsourcing_aggregated,27,nulo_obligatorio:tipo_via
crowdsourcing_aggregated,28,nulo_obligatorio:tipo_via
crowdsourcing_aggregated,29,nulo_obligatorio:tipo_via
crowdsourcing_aggregated,30,nulo_obligatorio:tipo_via
crowdsourcing_aggregated,31,nulo_obligatorio:tipo_via
crowdsourcing_aggregated,32,nulo_obligatorio:tipo_via
crowdsourcing_aggregated,33,nulo_obligatorio:tipo_via
crowdsourcing_aggregated,34,nulo_obligatorio:tipo_via
crowdsourcing_aggregated,35,nulo_obligatorio:tipo_via
crowdsourcing_aggregated,36,nulo_obligatorio:tipo_via
crowdsourcing_aggregated,37,nulo_obligatorio:tipo_via
crowdsourcing_aggregated,38,nulo_obligatorio:tipo_via
crowdsourcing_aggregated,39,nulo_obligatorio:tipo_via
crowdsourcing_aggregated,40,nulo_obligatorio:tipo_via
crowdsourcing_aggregated,41,nulo_obligatorio:tipo_via
crowdsourcing_aggregated,42,nulo_obligatorio:tipo_via
crowdsourcing_aggregated,43,nulo_obligatorio:tipo_via
crowdsourcing_aggregated,44,nulo_obligatorio:tipo_via
crowdsourcing_aggregated,45,nulo_obligatorio:tipo_via
crowdsourcing_aggregated,46,nulo_obligatorio:tipo_via
crowdsourcing_aggregated,47,nulo_obligatorio:tipo_via
crowdsourcing_aggregated,48,nulo_obligatorio:tipo_via
crowdsourcing_aggregated,49,nulo_obligatorio:tipo_via
crowdsourcing_aggregated,50,nulo_obligatorio:tipo_via
crowdsourcing_aggregated,51,nulo_obligatorio:tipo_via
crowdsourcing_aggregated,52,nulo_obligatorio:tipo_via
crowdsourcing_aggregated,53,nulo_obligatorio:tipo_via
crowdsourcing_aggregated,54,nulo_obligatorio:tipo_via
crowdsourcing_aggregated,55,nulo_obligatorio:tipo_via
crowdsourcing_aggregated,56,nulo_obligatorio:tipo_via
crowdsourcing_aggregated,57,nulo_obligatorio:tipo_via
crowdsourcing_aggregated,58,nulo_obligatorio:tipo_via
crowdsourcing_aggregated,59,nulo_obligatorio:tipo_via
crowdsourcing_aggregated,60,nulo_obligatorio:tipo_via
crowdsourcing_aggregated,61,nulo_obligatorio:tipo_via
crowdsourcing_aggregated,62,nulo_obligatorio:tipo_via
crowdsourcing_aggregated,63,nulo_obligatorio:tipo_via
crowdsourcing_aggregated,64,nulo_obligatorio:tipo_via
crowdsourcing_aggregated,65,nulo_obligatorio:tipo_via
crowdsourcing_aggregated,66,nulo_obligatorio:tipo_via
crowdsourcing_aggregated,67,nulo_obligatorio:tipo_via
crowdsourcing_aggregated,68,nulo_obligatorio:tipo_via
crowdsourcing_aggregated,69,nulo_obligatorio:tipo_via
crowdsourcing_aggregated,70,nulo_obligatorio:tipo_via
crowdsourcing_aggregated,71,nulo_obligatorio:tipo_via
crowdsourcing_aggregated,72,nulo_obligatorio:tipo_via
crowdsourcing_aggregated,73,nulo_obligatorio:tipo_via
crowdsourcing_aggregated,74,nulo_obligatorio:tipo_via
crowdsourcing_aggregated,75,nulo_obligatorio:tipo_via
crowdsourcing_aggregated,76,nulo_obligatorio:tipo_via
crowdsourcing_aggregated,77,nulo_obligatorio:tipo_via
crowdsourcing_aggregated,78,nulo_obligatorio:tipo_via
crowdsourcing_aggregated,79,nulo_obligatorio:tipo_via
crowdsourcing_aggregated,80,nulo_obligatorio:tipo_via
crowdsourcing_aggregated,81,nulo_obligatorio:tipo_via
crowdsourcing_aggregated,82,nulo_obligatorio:tipo_via
crowdsourcing_aggregated,83,nulo_obligatorio:tipo_via
crowdsourcing_aggregated,84,nulo_obligatorio:tipo_via
crowdsourcing_aggregated,85,nulo_obligatorio:tipo_via
crowdsourcing_aggregated,86,nulo_obligatorio:tipo_via
crowdsourcing_aggregated,87,nulo_obligatorio:tipo_via
crowdsourcing_aggregated,88,nulo_obligatorio:tipo_via
crowdsourcing_aggregated,89,nulo_obligatorio:tipo_via
crowdsourcing_aggregated,90,nulo_obligatorio:tipo_via
crowdsourcing_aggregated,91,nulo_obligatorio:tipo_via
crowdsourcing_aggregated,92,nulo_obligatorio:tipo_via
crowdsourcing_aggregated,93,nulo_obligatorio:tipo_via
crowdsourcing_aggregated,94,nulo_obligatorio:tipo_via
crowdsourcing_aggregated,95,nulo_obligatorio:tipo_via
crowdsourcing_aggregated,96,nulo_obligatorio:tipo_via
crowdsourcing_aggregated,97,nulo_obligatorio:tipo_via
crowdsourcing_aggregated,98,nulo_obligatorio:tipo_via
crowdsourcing_aggregated,99,nulo_obligatorio:tipo_via
crowdsourcing_aggregated,100,nulo_obligatorio:tipo_via
crowdsourcing_aggregated,101,nulo_obligatorio:tipo_via
crowdsourcing_aggregated,102,nulo_obligatorio:tipo_via
crowdsourcing_aggregated,103,nulo_obligatorio:tipo_via
crowdsourcing_aggregated,104,nulo_obligatorio:tipo_via
crowdsourcing_aggregated,105,nulo_obligatorio:tipo_via
crowdsourcing_aggregated,106,nulo_obligatorio:tipo_via
crowdsourcing_aggregated,107,nulo_obligatorio:tipo_via
crowdsourcing_aggregated,108,nulo_obligatorio:tipo_via
crowdsourcing_aggregated,109,nulo_obligatorio:tipo_via
crowdsourcing_aggregated,110,nulo_obligatorio:tipo_via
crowdsourcing_aggregated,111,nulo_obligatorio:tipo_via
crowdsourcing_aggregated,112,nulo_obligatorio:tipo_via
crowdsourcing_aggregated,113,nulo_obligatorio:tipo_via
crowdsourcing_aggregated,114,nulo_obligatorio:tipo_via
crowdsourcing_aggregated,115,nulo_obligatorio:tipo_via
crowdsourcing_aggregated,116,nulo_obligatorio:tipo_via
crowdsourcing_aggregated,117,nulo_obligatorio:tipo_via
crowdsourcing_aggregated,118,nulo_obligatorio:tipo_via
crowdsourcing_aggregated,119,nulo_obligatorio:tipo_via
crowdsourcing_aggregated,120,nulo_obligatorio:tipo_via
crowdsourcing_aggregated,121,nulo_obligatorio:tipo_via
crowdsourcing_aggregated,122,nulo_obligatorio:tipo_via
crowdsourcing_aggregated,123,nulo_obligatorio:tipo_via
crowdsourcing_aggregated,124,nulo_obligatorio:tipo_via
crowdsourcing_aggregated,125,nulo_obligatorio:tipo_via
crowdsourcing_aggregated,126,nulo_obligatorio:tipo_via
crowdsourcing_aggregated,127,nulo_obligatorio:tipo_via
crowdsourcing_aggregated,128,nulo_obligatorio:tipo_via
crowdsourcing_aggregated,129,nulo_obligatorio:tipo_via
crowdsourcing_aggregated,130,nulo_obligatorio:tipo_via
crowdsourcing_aggregated,131,nulo_obligatorio:tipo_via
crowdsourcing_aggregated,132,nulo_obligatorio:tipo_via
crowdsourcing_aggregated,133,nulo_obligatorio:tipo_via
crowdsourcing_aggregated,134,nulo_obligatorio:tipo_via
crowdsourcing_aggregated,135,nulo_obligatorio:tipo_via
crowdsourcing_aggregated,136,nulo_obligatorio:tipo_via
crowdsourcing_aggregated,137,nulo_obligatorio:tipo_via
crowdsourcing_aggregated,138,nulo_obligatorio:tipo_via
crowdsourcing_aggregated,139,nulo_obligatorio:tipo_via
crowdsourcing_aggregated,140,nulo_obligatorio:tipo_via
crowdsourcing_aggregated,141,nulo_obligatorio:tipo_via
crowdsourcing_aggregated,142,nulo_obligatorio:tipo_via
crowdsourcing_aggregated,143,nulo_obligatorio:tipo_via
crowdsourcing_aggregated,144,nulo_obligatorio:tipo_via
crowdsourcing_aggregated,145,nulo_obligatorio:tipo_via
crowdsourcing_aggregated,146,nulo_obligatorio:tipo_via
crowdsourcing_aggregated,147,nulo_obligatorio:tipo_via
crowdsourcing_aggregated,148,nulo_obligatorio:tipo_via
crowdsourcing_raw,1,nulo_obligatorio:tipo_via
crowdsourcing_raw,2,nulo_obligatorio:tipo_via
crowdsourcing_raw,3,nulo_obligatorio:tipo_via
crowdsourcing_raw,4,nulo_obligatorio:tipo_via
crowdsourcing_raw,5,nulo_obligatorio:tipo_via
crowdsourcing_raw,6,nulo_obligatorio:tipo_via
crowdsourcing_raw,7,nulo_obligatorio:tipo_via
crowdsourcing_raw,8,nulo_obligatorio:tipo_via
crowdsourcing_raw,9,nulo_obligatorio:tipo_via
crowdsourcing_raw,10,nulo_obligatorio:tipo_via
crowdsourcing_raw,11,nulo_obligatorio:tipo_via
crowdsourcing_raw,12,nulo_obligatorio:tipo_via
crowdsourcing_raw,13,nulo_obligatorio:tipo_via
crowdsourcing_raw,14,nulo_obligatorio:tipo_via
crowdsourcing_raw,15,nulo_obligatorio:tipo_via
crowdsourcing_raw,16,nulo_obligatorio:tipo_via
crowdsourcing_raw,17,nulo_obligatorio:tipo_via
crowdsourcing_raw,18,nulo_obligatorio:tipo_via
crowdsourcing_raw,19,nulo_obligatorio:tipo_via
crowdsourcing_raw,20,nulo_obligatorio:tipo_via
crowdsourcing_raw,21,nulo_obligatorio:tipo_via
crowdsourcing_raw,22,nulo_obligatorio:tipo_via
crowdsourcing_raw,23,nulo_obligatorio:tipo_via
crowdsourcing_raw,24,nulo_obligatorio:tipo_via
crowdsourcing_raw,25,nulo_obligatorio:tipo_via
crowdsourcing_raw,26,nulo_obligatorio:tipo_via
crowdsourcing_raw,27,nulo_obligatorio:tipo_via
crowdsourcing_raw,28,nulo_obligatorio:tipo_via
crowdsourcing_raw,29,nulo_obligatorio:tipo_via
crowdsourcing_raw,30,nulo_obligatorio:tipo_via
crowdsourcing_raw,31,nulo_obligatorio:tipo_via
crowdsourcing_raw,32,nulo_obligatorio:tipo_via
crowdsourcing_raw,33,nulo_obligatorio:tipo_via
crowdsourcing_raw,34,nulo_obligatorio:tipo_via
crowdsourcing_raw,35,nulo_obligatorio:tipo_via
crowdsourcing_raw,36,nulo_obligatorio:tipo_via
crowdsourcing_raw,37,nulo_obligatorio:tipo_via
crowdsourcing_raw,38,nulo_obligatorio:tipo_via
crowdsourcing_raw,39,nulo_obligatorio:tipo_via
crowdsourcing_raw,40,nulo_obligatorio:tipo_via
crowdsourcing_raw,41,nulo_obligatorio:tipo_via
crowdsourcing_raw,42,nulo_obligatorio:tipo_via
crowdsourcing_raw,43,nulo_obligatorio:tipo_via
crowdsourcing_raw,44,nulo_obligatorio:tipo_via
crowdsourcing_raw,45,nulo_obligatorio:tipo_via
crowdsourcing_raw,46,nulo_obligatorio:tipo_via
crowdsourcing_raw,47,nulo_obligatorio:tipo_via
crowdsourcing_raw,48,nulo_obligatorio:tipo_via
crowdsourcing_raw,49,nulo_obligatorio:tipo_via
crowdsourcing_raw,50,nulo_obligatorio:tipo_via
crowdsourcing_raw,51,nulo_obligatorio:tipo_via
crowdsourcing_raw,52,nulo_obligatorio:tipo_via
crowdsourcing_raw,53,nulo_obligatorio:tipo_via
crowdsourcing_raw,54,nulo_obligatorio:tipo_via
crowdsourcing_raw,55,nulo_obligatorio:tipo_via
crowdsourcing_raw,56,nulo_obligatorio:tipo_via
crowdsourcing_raw,57,nulo_obligatorio:tipo_via
crowdsourcing_raw,58,nulo_obligatorio:tipo_via
crowdsourcing_raw,59,nulo_obligatorio:tipo_via
crowdsourcing_raw,60,nulo_obligatorio:tipo_via
crowdsourcing_raw,61,nulo_obligatorio:tipo_via
crowdsourcing_raw,62,nulo_obligatorio:tipo_via
crowdsourcing_raw,63,nulo_obligatorio:tipo_via
crowdsourcing_raw,64,nulo_obligatorio:tipo_via
crowdsourcing_raw,65,nulo_obligatorio:tipo_via
crowdsourcing_raw,66,nulo_obligatorio:tipo_via
crowdsourcing_raw,67,nulo_obligatorio:tipo_via
crowdsourcing_raw,68,nulo_obligatorio:tipo_via
crowdsourcing_raw,69,nulo_obligatorio:tipo_via
crowdsourcing_raw,70,nulo_obligatorio:tipo_via
crowdsourcing_raw,71,nulo_obligatorio:tipo_via
crowdsourcing_raw,72,nulo_obligatorio:tipo_via
crowdsourcing_raw,73,nulo_obligatorio:tipo_via
crowdsourcing_raw,74,nulo_obligatorio:tipo_via
crowdsourcing_raw,75,nulo_obligatorio:tipo_via
crowdsourcing_raw,76,nulo_obligatorio:tipo_via
crowdsourcing_raw,77,nulo_obligatorio:tipo_via
crowdsourcing_raw,78,nulo_obligatorio:tipo_via
crowdsourcing_raw,79,nulo_obligatorio:tipo_via
crowdsourcing_raw,80,nulo_obligatorio:tipo_via
crowdsourcing_raw,81,nulo_obligatorio:tipo_via
crowdsourcing_raw,82,nulo_obligatorio:tipo_via
crowdsourcing_raw,83,nulo_obligatorio:tipo_via
crowdsourcing_raw,84,nulo_obligatorio:tipo_via
crowdsourcing_raw,85,nulo_obligatorio:tipo_via
crowdsourcing_raw,86,nulo_obligatorio:tipo_via
crowdsourcing_raw,87,nulo_obligatorio:tipo_via
crowdsourcing_raw,88,nulo_obligatorio:tipo_via
crowdsourcing_raw,89,nulo_obligatorio:tipo_via
crowdsourcing_raw,90,nulo_obligatorio:tipo_via
crowdsourcing_raw,91,nulo_obligatorio:tipo_via
crowdsourcing_raw,92,nulo_obligatorio:tipo_via
crowdsourcing_raw,93,nulo_obligatorio:tipo_via
crowdsourcing_raw,94,nulo_obligatorio:tipo_via
crowdsourcing_raw,95,nulo_obligatorio:tipo_via
crowdsourcing_raw,96,nulo_obligatorio:tipo_via
crowdsourcing_raw,97,nulo_obligatorio:tipo_via
crowdsourcing_raw,98,nulo_obligatorio:tipo_via
crowdsourcing_raw,99,nulo_obligatorio:tipo_via
crowdsourcing_raw,100,nulo_obligatorio:tipo_via
crowdsourcing_raw,101,nulo_obligatorio:tipo_via
crowdsourcing_raw,102,nulo_obligatorio:tipo_via
crowdsourcing_raw,103,nulo_obligatorio:tipo_via
crowdsourcing_raw,104,nulo_obligatorio:tipo_via
crowdsourcing_raw,105,nulo_obligatorio:tipo_via
crowdsourcing_raw,106,nulo_obligatorio:tipo_via
crowdsourcing_raw,107,nulo_obligatorio:tipo_via
crowdsourcing_raw,108,nulo_obligatorio:tipo_via
crowdsourcing_raw,109,nulo_obligatorio:tipo_via
crowdsourcing_raw,110,nulo_obligatorio:tipo_via
crowdsourcing_raw,111,nulo_obligatorio:tipo_via
crowdsourcing_raw,112,nulo_obligatorio:tipo_via
crowdsourcing_raw,113,nulo_obligatorio:tipo_via
crowdsourcing_raw,114,nulo_obligatorio:tipo_via
crowdsourcing_raw,115,nulo_obligatorio:tipo_via
crowdsourcing_raw,116,nulo_obligatorio:tipo_via
crowdsourcing_raw,117,nulo_obligatorio:tipo_via
crowdsourcing_raw,118,nulo_obligatorio:tipo_via
crowdsourcing_raw,119,nulo_obligatorio:tipo_via
crowdsourcing_raw,120,nulo_obligatorio:tipo_via
crowdsourcing_raw,121,nulo_obligatorio:tipo_via
crowdsourcing_raw,122,nulo_obligatorio:tipo_via
crowdsourcing_raw,123,nulo_obligatorio:tipo_via
crowdsourcing_raw,124,nulo_obligatorio:tipo_via
crowdsourcing_raw,125,nulo_obligatorio:tipo_via
crowdsourcing_raw,126,nulo_obligatorio:tipo_via
crowdsourcing_raw,127,nulo_obligatorio:tipo_via
crowdsourcing_raw,128,nulo_obligatorio:tipo_via
crowdsourcing_raw,129,nulo_obligatorio:tipo_via
crowdsourcing_raw,130,nulo_obligatorio:tipo_via
crowdsourcing_raw,131,nulo_obligatorio:tipo_via
crowdsourcing_raw,132,nulo_obligatorio:tipo_via
crowdsourcing_raw,133,nulo_obligatorio:tipo_via
crowdsourcing_raw,134,nulo_obligatorio:tipo_via
crowdsourcing_raw,135,nulo_obligatorio:tipo_via
crowdsourcing_raw,136,nulo_obligatorio:tipo_via
crowdsourcing_raw,137,nulo_obligatorio:tipo_via
crowdsourcing_raw,138,nulo_obligatorio:tipo_via
crowdsourcing_raw,139,nulo_obligatorio:tipo_via
crowdsourcing_raw,140,nulo_obligatorio:tipo_via
crowdsourcing_raw,141,nulo_obligatorio:tipo_via
crowdsourcing_raw,142,nulo_obligatorio:tipo_via
crowdsourcing_raw,143,nulo_obligatorio:tipo_via
crowdsourcing_raw,144,nulo_obligatorio:tipo_via
crowdsourcing_raw,145,nulo_obligatorio:tipo_via
crowdsourcing_raw,146,nulo_obligatorio:tipo_via
crowdsourcing_raw,147,nulo_obligatorio:tipo_via
crowdsourcing_raw,148,nulo_obligatorio:tipo_via
crowdsourcing_raw,149,nulo_obligatorio:tipo_via
crowdsourcing_raw,150,nulo_obligatorio:tipo_via
crowdsourcing_raw,151,nulo_obligatorio:tipo_via
crowdsourcing_raw,152,nulo_obligatorio:tipo_via
crowdsourcing_raw,153,nulo_obligatorio:tipo_via
crowdsourcing_raw,154,nulo_obligatorio:tipo_via
crowdsourcing_raw,155,nulo_obligatorio:tipo_via
crowdsourcing_raw,156,nulo_obligatorio:tipo_via
crowdsourcing_raw,157,nulo_obligatorio:tipo_via
crowdsourcing_raw,158,nulo_obligatorio:tipo_via
crowdsourcing_raw,159,nulo_obligatorio:tipo_via
crowdsourcing_raw,160,nulo_obligatorio:tipo_via
crowdsourcing_raw,161,nulo_obligatorio:tipo_via
crowdsourcing_raw,162,nulo_obligatorio:tipo_via
crowdsourcing_raw,163,nulo_obligatorio:tipo_via
crowdsourcing_raw,164,nulo_obligatorio:tipo_via
crowdsourcing_raw,165,nulo_obligatorio:tipo_via
crowdsourcing_raw,166,nulo_obligatorio:tipo_via
crowdsourcing_raw,167,nulo_obligatorio:tipo_via
crowdsourcing_raw,168,nulo_obligatorio:tipo_via
crowdsourcing_raw,169,nulo_obligatorio:tipo_via
crowdsourcing_raw,170,nulo_obligatorio:tipo_via
crowdsourcing_raw,171,nulo_obligatorio:tipo_via
crowdsourcing_raw,172,nulo_obligatorio:tipo_via
crowdsourcing_raw,173,nulo_obligatorio:tipo_via
crowdsourcing_raw,174,nulo_obligatorio:tipo_via
crowdsourcing_raw,175,nulo_obligatorio:tipo_via
crowdsourcing_raw,176,nulo_obligatorio:tipo_via
crowdsourcing_raw,177,nulo_obligatorio:tipo_via
crowdsourcing_raw,178,nulo_obligatorio:tipo_via
crowdsourcing_raw,179,nulo_obligatorio:tipo_via
crowdsourcing_raw,180,nulo_obligatorio:tipo_via
crowdsourcing_raw,181,nulo_obligatorio:tipo_via
crowdsourcing_raw,182,nulo_obligatorio:tipo_via
crowdsourcing_raw,183,nulo_obligatorio:tipo_via
crowdsourcing_raw,184,nulo_obligatorio:tipo_via
crowdsourcing_raw,185,nulo_obligatorio:tipo_via
crowdsourcing_raw,186,nulo_obligatorio:tipo_via
crowdsourcing_raw,187,nulo_obligatorio:tipo_via
crowdsourcing_raw,188,nulo_obligatorio:tipo_via
crowdsourcing_raw,189,nulo_obligatorio:tipo_via
crowdsourcing_raw,190,nulo_obligatorio:tipo_via
crowdsourcing_raw,191,nulo_obligatorio:tipo_via
crowdsourcing_raw,192,nulo_obligatorio:tipo_via
crowdsourcing_raw,193,nulo_obligatorio:tipo_via
crowdsourcing_raw,194,nulo_obligatorio:tipo_via
crowdsourcing_raw,195,nulo_obligatorio:tipo_via
crowdsourcing_raw,196,nulo_obligatorio:tipo_via
crowdsourcing_raw,197,nulo_obligatorio:tipo_via
crowdsourcing_raw,198,nulo_obligatorio:tipo_via
crowdsourcing_raw,199,nulo_obligatorio:tipo_via
crowdsourcing_raw,200,nulo_obligatorio:tipo_via
crowdsourcing_raw,201,nulo_obligatorio:tipo_via
crowdsourcing_raw,202,nulo_obligatorio:tipo_via
crowdsourcing_raw,203,nulo_obligatorio:tipo_via
crowdsourcing_raw,204,nulo_obligatorio:tipo_via
crowdsourcing_raw,205,nulo_obligatorio:tipo_via
crowdsourcing_raw,206,nulo_obligatorio:tipo_via
crowdsourcing_raw,207,nulo_obligatorio:tipo_via
crowdsourcing_raw,208,nulo_obligatorio:tipo_via
crowdsourcing_raw,209,nulo_obligatorio:tipo_via
crowdsourcing_raw,210,nulo_obligatorio:tipo_via
crowdsourcing_raw,211,nulo_obligatorio:tipo_via
crowdsourcing_raw,212,nulo_obligatorio:tipo_via
crowdsourcing_raw,213,nulo_obligatorio:tipo_via
crowdsourcing_raw,214,nulo_obligatorio:tipo_via
crowdsourcing_raw,215,nulo_obligatorio:tipo_via
crowdsourcing_raw,216,nulo_obligatorio:tipo_via
crowdsourcing_raw,217,nulo_obligatorio:tipo_via
crowdsourcing_raw,218,nulo_obligatorio:tipo_via
crowdsourcing_raw,219,nulo_obligatorio:tipo_via
crowdsourcing_raw,220,nulo_obligatorio:tipo_via
crowdsourcing_raw,221,nulo_obligatorio:tipo_via
crowdsourcing_raw,222,nulo_obligatorio:tipo_via
crowdsourcing_raw,223,nulo_obligatorio:tipo_via
crowdsourcing_raw,224,nulo_obligatorio:tipo_via
crowdsourcing_raw,225,nulo_obligatorio:tipo_via
crowdsourcing_raw,226,nulo_obligatorio:tipo_via
crowdsourcing_raw,227,nulo_obligatorio:tipo_via
crowdsourcing_raw,228,nulo_obligatorio:tipo_via
crowdsourcing_raw,229,nulo_obligatorio:tipo_via
crowdsourcing_raw,230,nulo_obligatorio:tipo_via
crowdsourcing_raw,231,nulo_obligatorio:tipo_via
crowdsourcing_raw,232,nulo_obligatorio:tipo_via
crowdsourcing_raw,233,nulo_obligatorio:tipo_via
crowdsourcing_raw,234,nulo_obligatorio:tipo_via
crowdsourcing_raw,235,nulo_obligatorio:tipo_via
crowdsourcing_raw,236,nulo_obligatorio:tipo_via
crowdsourcing_raw,237,nulo_obligatorio:tipo_via
crowdsourcing_raw,238,nulo_obligatorio:tipo_via
crowdsourcing_raw,239,nulo_obligatorio:tipo_via
crowdsourcing_raw,240,nulo_obligatorio:tipo_via
crowdsourcing_raw,241,nulo_obligatorio:tipo_via
crowdsourcing_raw,242,nulo_obligatorio:tipo_via
crowdsourcing_raw,243,nulo_obligatorio:tipo_via
crowdsourcing_raw,244,nulo_obligatorio:tipo_via
crowdsourcing_raw,245,nulo_obligatorio:tipo_via
crowdsourcing_raw,246,nulo_obligatorio:tipo_via
crowdsourcing_raw,247,nulo_obligatorio:tipo_via
crowdsourcing_raw,248,nulo_obligatorio:tipo_via
crowdsourcing_raw,249,nulo_obligatorio:tipo_via
crowdsourcing_raw,250,nulo_obligatorio:tipo_via
crowdsourcing_raw,251,nulo_obligatorio:tipo_via
crowdsourcing_raw,252,nulo_obligatorio:tipo_via
crowdsourcing_raw,253,nulo_obligatorio:tipo_via
crowdsourcing_raw,254,nulo_obligatorio:tipo_via
crowdsourcing_raw,255,nulo_obligatorio:tipo_via
crowdsourcing_raw,256,nulo_obligatorio:tipo_via
crowdsourcing_raw,257,nulo_obligatorio:tipo_via
crowdsourcing_raw,258,nulo_obligatorio:tipo_via
crowdsourcing_raw,259,nulo_obligatorio:tipo_via
crowdsourcing_raw,260,nulo_obligatorio:tipo_via
crowdsourcing_raw,261,nulo_obligatorio:tipo_via
crowdsourcing_raw,262,nulo_obligatorio:tipo_via
crowdsourcing_raw,263,nulo_obligatorio:tipo_via
crowdsourcing_raw,264,nulo_obligatorio:tipo_via
crowdsourcing_raw,265,nulo_obligatorio:tipo_via
crowdsourcing_raw,266,nulo_obligatorio:tipo_via
crowdsourcing_raw,267,nulo_obligatorio:tipo_via
crowdsourcing_raw,268,nulo_obligatorio:tipo_via
crowdsourcing_raw,269,nulo_obligatorio:tipo_via
crowdsourcing_raw,270,nulo_obligatorio:tipo_via
crowdsourcing_raw,271,nulo_obligatorio:tipo_via
crowdsourcing_raw,272,nulo_obligatorio:tipo_via
crowdsourcing_raw,273,nulo_obligatorio:tipo_via
crowdsourcing_raw,274,nulo_obligatorio:tipo_via
crowdsourcing_raw,275,nulo_obligatorio:tipo_via
crowdsourcing_raw,276,nulo_obligatorio:tipo_via
crowdsourcing_raw,277,nulo_obligatorio:tipo_via
crowdsourcing_raw,278,nulo_obligatorio:tipo_via
crowdsourcing_raw,279,nulo_obligatorio:tipo_via
crowdsourcing_raw,280,nulo_obligatorio:tipo_via
crowdsourcing_raw,281,nulo_obligatorio:tipo_via
crowdsourcing_raw,282,nulo_obligatorio:tipo_via
crowdsourcing_raw,283,nulo_obligatorio:tipo_via
crowdsourcing_raw,284,nulo_obligatorio:tipo_via
crowdsourcing_raw,285,nulo_obligatorio:tipo_via
crowdsourcing_raw,286,nulo_obligatorio:tipo_via
crowdsourcing_raw,287,nulo_obligatorio:tipo_via
crowdsourcing_raw,288,nulo_obligatorio:tipo_via
crowdsourcing_raw,289,nulo_obligatorio:tipo_via
crowdsourcing_raw,290,nulo_obligatorio:tipo_via
crowdsourcing_raw,291,nulo_obligatorio:tipo_via
crowdsourcing_raw,292,nulo_obligatorio:tipo_via
crowdsourcing_raw,293,nulo_obligatorio:tipo_via
crowdsourcing_raw,294,nulo_obligatorio:tipo_via
crowdsourcing_raw,295,nulo_obligatorio:tipo_via
crowdsourcing_raw,296,nulo_obligatorio:tipo_via
crowdsourcing_raw,297,nulo_obligatorio:tipo_via
crowdsourcing_raw,298,nulo_obligatorio:tipo_via
crowdsourcing_raw,299,nulo_obligatorio:tipo_via
crowdsourcing_raw,300,nulo_obligatorio:tipo_via
crowdsourcing_raw,301,nulo_obligatorio:tipo_via
crowdsourcing_raw,302,nulo_obligatorio:tipo_via
crowdsourcing_raw,303,nulo_obligatorio:tipo_via
crowdsourcing_raw,304,nulo_obligatorio:tipo_via
crowdsourcing_raw,305,nulo_obligatorio:tipo_via
crowdsourcing_raw,306,nulo_obligatorio:tipo_via
crowdsourcing_raw,307,nulo_obligatorio:tipo_via
crowdsourcing_raw,308,nulo_obligatorio:tipo_via
crowdsourcing_raw,309,nulo_obligatorio:tipo_via
crowdsourcing_raw,310,nulo_obligatorio:tipo_via
crowdsourcing_raw,311,nulo_obligatorio:tipo_via
crowdsourcing_raw,312,nulo_obligatorio:tipo_via
crowdsourcing_raw,313,nulo_obligatorio:tipo_via
crowdsourcing_raw,314,nulo_obligatorio:tipo_via
crowdsourcing_raw,315,nulo_obligatorio:tipo_via
crowdsourcing_raw,316,nulo_obligatorio:tipo_via
crowdsourcing_raw,317,nulo_obligatorio:tipo_via
crowdsourcing_raw,318,nulo_obligatorio:tipo_via
crowdsourcing_raw,319,nulo_obligatorio:tipo_via
crowdsourcing_raw,320,nulo_obligatorio:tipo_via
crowdsourcing_raw,321,nulo_obligatorio:tipo_via
crowdsourcing_raw,322,nulo_obligatorio:tipo_via
crowdsourcing_raw,323,nulo_obligatorio:tipo_via
crowdsourcing_raw,324,nulo_obligatorio:tipo_via
crowdsourcing_raw,325,nulo_obligatorio:tipo_via
crowdsourcing_raw,326,nulo_obligatorio:tipo_via
crowdsourcing_raw,327,nulo_obligatorio:tipo_via
crowdsourcing_raw,328,nulo_obligatorio:tipo_via
crowdsourcing_raw,329,nulo_obligatorio:tipo_via
crowdsourcing_raw,330,nulo_obligatorio:tipo_via
crowdsourcing_raw,331,nulo_obligatorio:tipo_via
crowdsourcing_raw,332,nulo_obligatorio:tipo_via
crowdsourcing_raw,333,nulo_obligatorio:tipo_via
crowdsourcing_raw,334,nulo_obligatorio:tipo_via
crowdsourcing_raw,335,nulo_obligatorio:tipo_via
crowdsourcing_raw,336,nulo_obligatorio:tipo_via
crowdsourcing_raw,337,nulo_obligatorio:tipo_via
crowdsourcing_raw,338,nulo_obligatorio:tipo_via
crowdsourcing_raw,339,nulo_obligatorio:tipo_via
crowdsourcing_raw,340,nulo_obligatorio:tipo_via
crowdsourcing_raw,341,nulo_obligatorio:tipo_via
crowdsourcing_raw,342,nulo_obligatorio:tipo_via
crowdsourcing_raw,343,nulo_obligatorio:tipo_via
crowdsourcing_raw,344,nulo_obligatorio:tipo_via
crowdsourcing_raw,345,nulo_obligatorio:tipo_via
crowdsourcing_raw,346,nulo_obligatorio:tipo_via
crowdsourcing_raw,347,nulo_obligatorio:tipo_via
crowdsourcing_raw,348,nulo_obligatorio:tipo_via
crowdsourcing_raw,349,nulo_obligatorio:tipo_via
crowdsourcing_raw,350,nulo_obligatorio:tipo_via
crowdsourcing_raw,351,nulo_obligatorio:tipo_via
crowdsourcing_raw,352,nulo_obligatorio:tipo_via
crowdsourcing_raw,353,nulo_obligatorio:tipo_via
crowdsourcing_raw,354,nulo_obligatorio:tipo_via
crowdsourcing_raw,355,nulo_obligatorio:tipo_via
crowdsourcing_raw,356,nulo_obligatorio:tipo_via
crowdsourcing_raw,357,nulo_obligatorio:tipo_via
crowdsourcing_raw,358,nulo_obligatorio:tipo_via
crowdsourcing_raw,359,nulo_obligatorio:tipo_via
crowdsourcing_raw,360,nulo_obligatorio:tipo_via
crowdsourcing_raw,361,nulo_obligatorio:tipo_via
crowdsourcing_raw,362,nulo_obligatorio:tipo_via
crowdsourcing_raw,363,nulo_obligatorio:tipo_via
crowdsourcing_raw,364,nulo_obligatorio:tipo_via
crowdsourcing_raw,365,nulo_obligatorio:tipo_via
crowdsourcing_raw,366,nulo_obligatorio:tipo_via
crowdsourcing_raw,367,nulo_obligatorio:tipo_via
crowdsourcing_raw,368,nulo_obligatorio:tipo_via
crowdsourcing_raw,369,nulo_obligatorio:tipo_via
crowdsourcing_raw,370,nulo_obligatorio:tipo_via
crowdsourcing_raw,371,nulo_obligatorio:tipo_via
crowdsourcing_raw,372,nulo_obligatorio:tipo_via
crowdsourcing_raw,373,nulo_obligatorio:tipo_via
crowdsourcing_raw,374,nulo_obligatorio:tipo_via
crowdsourcing_raw,375,nulo_obligatorio:tipo_via
crowdsourcing_raw,376,nulo_obligatorio:tipo_via
crowdsourcing_raw,377,nulo_obligatorio:tipo_via
crowdsourcing_raw,378,nulo_obligatorio:tipo_via
crowdsourcing_raw,379,nulo_obligatorio:tipo_via
crowdsourcing_raw,380,nulo_obligatorio:tipo_via
crowdsourcing_raw,381,nulo_obligatorio:tipo_via
crowdsourcing_raw,382,nulo_obligatorio:tipo_via
crowdsourcing_raw,383,nulo_obligatorio:tipo_via
crowdsourcing_raw,384,nulo_obligatorio:tipo_via
crowdsourcing_raw,385,nulo_obligatorio:tipo_via
crowdsourcing_raw,386,nulo_obligatorio:tipo_via
crowdsourcing_raw,387,nulo_obligatorio:tipo_via
crowdsourcing_raw,388,nulo_obligatorio:tipo_via
crowdsourcing_raw,389,nulo_obligatorio:tipo_via
crowdsourcing_raw,390,nulo_obligatorio:tipo_via
crowdsourcing_raw,391,nulo_obligatorio:tipo_via
crowdsourcing_raw,392,nulo_obligatorio:tipo_via
crowdsourcing_raw,393,nulo_obligatorio:tipo_via
crowdsourcing_raw,394,nulo_obligatorio:tipo_via
crowdsourcing_raw,395,nulo_obligatorio:tipo_via
crowdsourcing_raw,396,nulo_obligatorio:tipo_via
crowdsourcing_raw,397,nulo_obligatorio:tipo_via
crowdsourcing_raw,398,nulo_obligatorio:tipo_via
crowdsourcing_raw,399,nulo_obligatorio:tipo_via
crowdsourcing_raw,400,nulo_obligatorio:tipo_via
crowdsourcing_raw,401,nulo_obligatorio:tipo_via
crowdsourcing_raw,402,nulo_obligatorio:tipo_via
crowdsourcing_raw,403,nulo_obligatorio:tipo_via
crowdsourcing_raw,404,nulo_obligatorio:tipo_via
crowdsourcing_raw,405,nulo_obligatorio:tipo_via
crowdsourcing_raw,406,nulo_obligatorio:tipo_via
crowdsourcing_raw,407,nulo_obligatorio:tipo_via
crowdsourcing_raw,408,nulo_obligatorio:tipo_via
crowdsourcing_raw,409,nulo_obligatorio:tipo_via
crowdsourcing_raw,410,nulo_obligatorio:tipo_via
crowdsourcing_raw,411,nulo_obligatorio:tipo_via
crowdsourcing_raw,412,nulo_obligatorio:tipo_via
crowdsourcing_raw,413,nulo_obligatorio:tipo_via
crowdsourcing_raw,414,nulo_obligatorio:tipo_via
crowdsourcing_raw,415,nulo_obligatorio:tipo_via
crowdsourcing_raw,416,nulo_obligatorio:tipo_via
crowdsourcing_raw,417,nulo_obligatorio:tipo_via
crowdsourcing_raw,418,nulo_obligatorio:tipo_via
crowdsourcing_raw,419,nulo_obligatorio:tipo_via
crowdsourcing_raw,420,nulo_obligatorio:tipo_via
crowdsourcing_raw,421,nulo_obligatorio:tipo_via
crowdsourcing_raw,422,nulo_obligatorio:tipo_via
crowdsourcing_raw,423,nulo_obligatorio:tipo_via
crowdsourcing_raw,424,nulo_obligatorio:tipo_via
crowdsourcing_raw,425,nulo_obligatorio:tipo_via
crowdsourcing_raw,426,nulo_obligatorio:tipo_via
crowdsourcing_raw,427,nulo_obligatorio:tipo_via
crowdsourcing_raw,428,nulo_obligatorio:tipo_via
crowdsourcing_raw,429,nulo_obligatorio:tipo_via
crowdsourcing_raw,430,nulo_obligatorio:tipo_via
crowdsourcing_raw,431,nulo_obligatorio:tipo_via
crowdsourcing_raw,432,nulo_obligatorio:tipo_via
crowdsourcing_raw,433,nulo_obligatorio:tipo_via
crowdsourcing_raw,434,nulo_obligatorio:tipo_via
crowdsourcing_raw,435,nulo_obligatorio:tipo_via
crowdsourcing_raw,436,nulo_obligatorio:tipo_via
crowdsourcing_raw,437,nulo_obligatorio:tipo_via
crowdsourcing_raw,438,nulo_obligatorio:tipo_via
crowdsourcing_raw,439,nulo_obligatorio:tipo_via
crowdsourcing_raw,440,nulo_obligatorio:tipo_via
crowdsourcing_raw,441,nulo_obligatorio:tipo_via
crowdsourcing_raw,442,nulo_obligatorio:tipo_via
crowdsourcing_raw,443,nulo_obligatorio:tipo_via
crowdsourcing_raw,444,nulo_obligatorio:tipo_via
crowdsourcing_raw,445,nulo_obligatorio:tipo_via
crowdsourcing_raw,446,nulo_obligatorio:tipo_via
crowdsourcing_raw,447,nulo_obligatorio:tipo_via
crowdsourcing_raw,448,nulo_obligatorio:tipo_via
crowdsourcing_raw,449,nulo_obligatorio:tipo_via
crowdsourcing_raw,450,nulo_obligatorio:tipo_via
crowdsourcing_raw,451,nulo_obligatorio:tipo_via
crowdsourcing_raw,452,nulo_obligatorio:tipo_via
crowdsourcing_raw,453,nulo_obligatorio:tipo_via
crowdsourcing_raw,454,nulo_obligatorio:tipo_via
crowdsourcing_raw,455,nulo_obligatorio:tipo_via
crowdsourcing_raw,456,nulo_obligatorio:tipo_via
crowdsourcing_raw,457,nulo_obligatorio:tipo_via
crowdsourcing_raw,458,nulo_obligatorio:tipo_via
crowdsourcing_raw,459,nulo_obligatorio:tipo_via
crowdsourcing_raw,460,nulo_obligatorio:tipo_via
crowdsourcing_raw,461,nulo_obligatorio:tipo_via
crowdsourcing_raw,462,nulo_obligatorio:tipo_via
crowdsourcing_raw,463,nulo_obligatorio:tipo_via
crowdsourcing_raw,464,nulo_obligatorio:tipo_via
crowdsourcing_raw,465,nulo_obligatorio:tipo_via
crowdsourcing_raw,466,nulo_obligatorio:tipo_via
crowdsourcing_raw,467,nulo_obligatorio:tipo_via
crowdsourcing_raw,468,nulo_obligatorio:tipo_via
crowdsourcing_raw,469,nulo_obligatorio:tipo_via
crowdsourcing_raw,470,nulo_obligatorio:tipo_via
crowdsourcing_raw,471,nulo_obligatorio:tipo_via
crowdsourcing_raw,472,nulo_obligatorio:tipo_via
crowdsourcing_raw,473,nulo_obligatorio:tipo_via
crowdsourcing_raw,474,nulo_obligatorio:tipo_via
crowdsourcing_raw,475,nulo_obligatorio:tipo_via
crowdsourcing_raw,476,nulo_obligatorio:tipo_via
crowdsourcing_raw,477,nulo_obligatorio:tipo_via
crowdsourcing_raw,478,nulo_obligatorio:tipo_via
crowdsourcing_raw,479,nulo_obligatorio:tipo_via
crowdsourcing_raw,480,nulo_obligatorio:tipo_via
crowdsourcing_raw,481,nulo_obligatorio:tipo_via
crowdsourcing_raw,482,nulo_obligatorio:tipo_via
crowdsourcing_raw,483,nulo_obligatorio:tipo_via
crowdsourcing_raw,484,nulo_obligatorio:tipo_via
crowdsourcing_raw,485,nulo_obligatorio:tipo_via
crowdsourcing_raw,486,nulo_obligatorio:tipo_via
crowdsourcing_raw,487,nulo_obligatorio:tipo_via
crowdsourcing_raw,488,nulo_obligatorio:tipo_via
crowdsourcing_raw,489,nulo_obligatorio:tipo_via
crowdsourcing_raw,490,nulo_obligatorio:tipo_via
crowdsourcing_raw,491,nulo_obligatorio:tipo_via
crowdsourcing_raw,492,nulo_obligatorio:tipo_via
crowdsourcing_raw,493,nulo_obligatorio:tipo_via
crowdsourcing_raw,494,nulo_obligatorio:tipo_via
crowdsourcing_raw,495,nulo_obligatorio:tipo_via
crowdsourcing_raw,496,nulo_obligatorio:tipo_via
crowdsourcing_raw,497,nulo_obligatorio:tipo_via
crowdsourcing_raw,498,nulo_obligatorio:tipo_via
crowdsourcing_raw,499,nulo_obligatorio:tipo_via
crowdsourcing_raw,500,nulo_obligatorio:tipo_via
scraped_traffic,1,nulo_obligatorio:tipo_via
scraped_traffic,2,nulo_obligatorio:tipo_via
scraped_traffic,3,nulo_obligatorio:tipo_via
scraped_traffic,4,nulo_obligatorio:tipo_via
scraped_traffic,5,nulo_obligatorio:tipo_via
scraped_traffic,6,nulo_obligatorio:tipo_via
scraped_traffic,7,nulo_obligatorio:tipo_via
scraped_traffic,8,nulo_obligatorio:tipo_via
scraped_traffic,9,nulo_obligatorio:tipo_via
scraped_traffic,10,nulo_obligatorio:tipo_via
scraped_traffic,11,nulo_obligatorio:tipo_via
scraped_traffic,12,nulo_obligatorio:tipo_via
scraped_traffic,13,nulo_obligatorio:tipo_via
scraped_traffic,14,nulo_obligatorio:tipo_via
scraped_traffic,15,nulo_obligatorio:tipo_via
scraped_traffic,16,nulo_obligatorio:tipo_via
scraped_traffic,17,nulo_obligatorio:tipo_via
scraped_traffic,18,nulo_obligatorio:tipo_via
scraped_traffic,19,nulo_obligatorio:tipo_via
scraped_traffic,20,nulo_obligatorio:tipo_via
scraped_traffic,21,nulo_obligatorio:tipo_via
scraped_traffic,22,nulo_obligatorio:tipo_via
scraped_traffic,23,nulo_obligatorio:tipo_via
scraped_traffic,24,nulo_obligatorio:tipo_via
scraped_traffic,25,nulo_obligatorio:tipo_via
scraped_traffic,26,nulo_obligatorio:tipo_via
scraped_traffic,27,nulo_obligatorio:tipo_via
scraped_traffic,28,nulo_obligatorio:tipo_via
scraped_traffic,29,nulo_obligatorio:tipo_via
scraped_traffic,30,nulo_obligatorio:tipo_via
scraped_traffic,31,nulo_obligatorio:tipo_via
scraped_traffic,32,nulo_obligatorio:tipo_via
scraped_traffic,33,nulo_obligatorio:tipo_via
scraped_traffic,34,nulo_obligatorio:tipo_via
scraped_traffic,35,nulo_obligatorio:tipo_via
scraped_traffic,36,nulo_obligatorio:tipo_via
scraped_traffic,37,nulo_obligatorio:tipo_via
scraped_traffic,38,nulo_obligatorio:tipo_via
scraped_traffic,39,nulo_obligatorio:tipo_via
scraped_traffic,40,nulo_obligatorio:tipo_via
scraped_traffic,41,nulo_obligatorio:tipo_via
scraped_traffic,42,nulo_obligatorio:tipo_via
scraped_traffic,43,nulo_obligatorio:tipo_via
scraped_traffic,44,nulo_obligatorio:tipo_via
scraped_traffic,45,nulo_obligatorio:tipo_via
scraped_traffic,46,nulo_obligatorio:tipo_via
scraped_traffic,47,nulo_obligatorio:tipo_via
scraped_traffic,48,nulo_obligatorio:tipo_via
scraped_traffic,49,nulo_obligatorio:tipo_via
scraped_traffic,50,nulo_obligatorio:tipo_via
scraped_traffic,51,nulo_obligatorio:tipo_via
scraped_traffic,52,nulo_obligatorio:tipo_via
scraped_traffic,53,nulo_obligatorio:tipo_via
scraped_traffic,54,nulo_obligatorio:tipo_via
scraped_traffic,55,nulo_obligatorio:tipo_via
scraped_traffic,56,nulo_obligatorio:tipo_via
scraped_traffic,57,nulo_obligatorio:tipo_via
scraped_traffic,58,nulo_obligatorio:tipo_via
scraped_traffic,59,nulo_obligatorio:tipo_via
scraped_traffic,60,nulo_obligatorio:tipo_via
scraped_traffic,61,nulo_obligatorio:tipo_via
scraped_traffic,62,nulo_obligatorio:tipo_via
scraped_traffic,63,nulo_obligatorio:tipo_via
scraped_traffic,64,nulo_obligatorio:tipo_via
scraped_traffic,65,nulo_obligatorio:tipo_via
scraped_traffic,66,nulo_obligatorio:tipo_via
scraped_traffic,67,nulo_obligatorio:tipo_via
scraped_traffic,68,nulo_obligatorio:tipo_via
scraped_traffic,69,nulo_obligatorio:tipo_via
scraped_traffic,70,nulo_obligatorio:tipo_via
scraped_traffic,71,nulo_obligatorio:tipo_via
scraped_traffic,72,nulo_obligatorio:tipo_via
scraped_traffic,73,nulo_obligatorio:tipo_via
scraped_traffic,74,nulo_obligatorio:tipo_via
scraped_traffic,75,nulo_obligatorio:tipo_via
scraped_traffic,76,nulo_obligatorio:tipo_via
scraped_traffic,77,nulo_obligatorio:tipo_via
scraped_traffic,78,nulo_obligatorio:tipo_via
scraped_traffic,79,nulo_obligatorio:tipo_via
scraped_traffic,80,nulo_obligatorio:tipo_via
scraped_traffic,81,nulo_obligatorio:tipo_via
scraped_traffic,82,nulo_obligatorio:tipo_via
scraped_traffic,83,nulo_obligatorio:tipo_via
scraped_traffic,84,nulo_obligatorio:tipo_via
scraped_traffic,85,nulo_obligatorio:tipo_via
scraped_traffic,86,nulo_obligatorio:tipo_via
scraped_traffic,87,nulo_obligatorio:tipo_via
scraped_traffic,88,nulo_obligatorio:tipo_via
scraped_traffic,89,nulo_obligatorio:tipo_via
scraped_traffic,90,nulo_obligatorio:tipo_via
scraped_traffic,91,nulo_obligatorio:tipo_via
scraped_traffic,92,nulo_obligatorio:tipo_via
scraped_traffic,93,nulo_obligatorio:tipo_via
scraped_traffic,94,nulo_obligatorio:tipo_via
scraped_traffic,95,nulo_obligatorio:tipo_via
scraped_traffic,96,nulo_obligatorio:tipo_via
scraped_traffic,97,nulo_obligatorio:tipo_via
scraped_traffic,98,nulo_obligatorio:tipo_via
scraped_traffic,99,nulo_obligatorio:tipo_via
scraped_traffic,100,nulo_obligatorio:tipo_via
scraped_traffic,101,nulo_obligatorio:tipo_via
scraped_traffic,102,nulo_obligatorio:tipo_via
scraped_traffic,103,nulo_obligatorio:tipo_via
scraped_traffic,104,nulo_obligatorio:tipo_via
scraped_traffic,105,nulo_obligatorio:tipo_via
scraped_traffic,106,nulo_obligatorio:tipo_via
scraped_traffic,107,nulo_obligatorio:tipo_via
scraped_traffic,108,nulo_obligatorio:tipo_via
scraped_traffic,109,nulo_obligatorio:tipo_via
scraped_traffic,110,nulo_obligatorio:tipo_via
scraped_traffic,111,nulo_obligatorio:tipo_via
scraped_traffic,112,nulo_obligatorio:tipo_via
scraped_traffic,113,nulo_obligatorio:tipo_via
scraped_traffic,114,nulo_obligatorio:tipo_via
scraped_traffic,115,nulo_obligatorio:tipo_via
scraped_traffic,116,nulo_obligatorio:tipo_via
scraped_traffic,117,nulo_obligatorio:tipo_via
synthetic_traffic,1,nulo_obligatorio:tipo_via
synthetic_traffic,2,nulo_obligatorio:tipo_via
synthetic_traffic,3,nulo_obligatorio:tipo_via
synthetic_traffic,4,nulo_obligatorio:tipo_via
synthetic_traffic,5,nulo_obligatorio:tipo_via
synthetic_traffic,6,nulo_obligatorio:tipo_via
synthetic_traffic,7,nulo_obligatorio:tipo_via
synthetic_traffic,8,nulo_obligatorio:tipo_via
synthetic_traffic,9,nulo_obligatorio:tipo_via
synthetic_traffic,10,nulo_obligatorio:tipo_via
synthetic_traffic,11,nulo_obligatorio:tipo_via
synthetic_traffic,12,nulo_obligatorio:tipo_via
synthetic_traffic,13,nulo_obligatorio:tipo_via
synthetic_traffic,14,nulo_obligatorio:tipo_via
synthetic_traffic,15,nulo_obligatorio:tipo_via
synthetic_traffic,16,nulo_obligatorio:tipo_via
synthetic_traffic,17,nulo_obligatorio:tipo_via
synthetic_traffic,18,nulo_obligatorio:tipo_via
synthetic_traffic,19,nulo_obligatorio:tipo_via
synthetic_traffic,20,nulo_obligatorio:tipo_via
synthetic_traffic,21,nulo_obligatorio:tipo_via
synthetic_traffic,22,nulo_obligatorio:tipo_via
synthetic_traffic,23,nulo_obligatorio:tipo_via
synthetic_traffic,24,nulo_obligatorio:tipo_via
synthetic_traffic,25,nulo_obligatorio:tipo_via
synthetic_traffic,26,nulo_obligatorio:tipo_via
synthetic_traffic,27,nulo_obligatorio:tipo_via
synthetic_traffic,28,nulo_obligatorio:tipo_via
synthetic_traffic,29,nulo_obligatorio:tipo_via
synthetic_traffic,30,nulo_obligatorio:tipo_via
synthetic_traffic,31,nulo_obligatorio:tipo_via
synthetic_traffic,32,nulo_obligatorio:tipo_via
synthetic_traffic,33,nulo_obligatorio:tipo_via
synthetic_traffic,34,nulo_obligatorio:tipo_via
synthetic_traffic,35,nulo_obligatorio:tipo_via
synthetic_traffic,36,nulo_obligatorio:tipo_via
synthetic_traffic,37,nulo_obligatorio:tipo_via
synthetic_traffic,38,nulo_obligatorio:tipo_via
synthetic_traffic,39,nulo_obligatorio:tipo_via
synthetic_traffic,40,nulo_obligatorio:tipo_via
synthetic_traffic,41,nulo_obligatorio:tipo_via
synthetic_traffic,42,nulo_obligatorio:tipo_via
synthetic_traffic,43,nulo_obligatorio:tipo_via
synthetic_traffic,44,nulo_obligatorio:tipo_via
synthetic_traffic,45,nulo_obligatorio:tipo_via
synthetic_traffic,46,nulo_obligatorio:tipo_via
synthetic_traffic,47,nulo_obligatorio:tipo_via
synthetic_traffic,48,nulo_obligatorio:tipo_via
synthetic_traffic,49,nulo_obligatorio:tipo_via
synthetic_traffic,50,nulo_obligatorio:tipo_via
synthetic_traffic,51,nulo_obligatorio:tipo_via
synthetic_traffic,52,nulo_obligatorio:tipo_via
synthetic_traffic,53,nulo_obligatorio:tipo_via
synthetic_traffic,54,nulo_obligatorio:tipo_via
synthetic_traffic,55,nulo_obligatorio:tipo_via
synthetic_traffic,56,nulo_obligatorio:tipo_via
synthetic_traffic,57,nulo_obligatorio:tipo_via
synthetic_traffic,58,nulo_obligatorio:tipo_via
synthetic_traffic,59,nulo_obligatorio:tipo_via
synthetic_traffic,60,nulo_obligatorio:tipo_via
synthetic_traffic,61,nulo_obligatorio:tipo_via
synthetic_traffic,62,nulo_obligatorio:tipo_via
synthetic_traffic,63,nulo_obligatorio:tipo_via
synthetic_traffic,64,nulo_obligatorio:tipo_via
synthetic_traffic,65,nulo_obligatorio:tipo_via
synthetic_traffic,66,nulo_obligatorio:tipo_via
synthetic_traffic,67,nulo_obligatorio:tipo_via
synthetic_traffic,68,nulo_obligatorio:tipo_via
synthetic_traffic,69,nulo_obligatorio:tipo_via
synthetic_traffic,70,nulo_obligatorio:tipo_via
synthetic_traffic,71,nulo_obligatorio:tipo_via
synthetic_traffic,72,nulo_obligatorio:tipo_via
synthetic_traffic,73,nulo_obligatorio:tipo_via
synthetic_traffic,74,nulo_obligatorio:tipo_via
synthetic_traffic,75,nulo_obligatorio:tipo_via
synthetic_traffic,76,nulo_obligatorio:tipo_via
synthetic_traffic,77,nulo_obligatorio:tipo_via
synthetic_traffic,78,nulo_obligatorio:tipo_via
synthetic_traffic,79,nulo_obligatorio:tipo_via
synthetic_traffic,80,nulo_obligatorio:tipo_via
synthetic_traffic,81,nulo_obligatorio:tipo_via
synthetic_traffic,82,nulo_obligatorio:tipo_via
synthetic_traffic,83,nulo_obligatorio:tipo_via
synthetic_traffic,84,nulo_obligatorio:tipo_via
synthetic_traffic,85,nulo_obligatorio:tipo_via
synthetic_traffic,86,nulo_obligatorio:tipo_via
synthetic_traffic,87,nulo_obligatorio:tipo_via
synthetic_traffic,88,nulo_obligatorio:tipo_via
synthetic_traffic,89,nulo_obligatorio:tipo_via
synthetic_traffic,90,nulo_obligatorio:tipo_via
synthetic_traffic,91,nulo_obligatorio:tipo_via
synthetic_traffic,92,nulo_obligatorio:tipo_via
synthetic_traffic,93,nulo_obligatorio:tipo_via
synthetic_traffic,94,nulo_obligatorio:tipo_via
synthetic_traffic,95,nulo_obligatorio:tipo_via
synthetic_traffic,96,nulo_obligatorio:tipo_via
synthetic_traffic,97,nulo_obligatorio:tipo_via
synthetic_traffic,98,nulo_obligatorio:tipo_via
synthetic_traffic,99,nulo_obligatorio:tipo_via
synthetic_traffic,100,nulo_obligatorio:tipo_via
synthetic_traffic,101,nulo_obligatorio:tipo_via
synthetic_traffic,102,nulo_obligatorio:tipo_via
synthetic_traffic,103,nulo_obligatorio:tipo_via
synthetic_traffic,104,nulo_obligatorio:tipo_via
synthetic_traffic,105,nulo_obligatorio:tipo_via
synthetic_traffic,106,nulo_obligatorio:tipo_via
synthetic_traffic,107,nulo_obligatorio:tipo_via
synthetic_traffic,108,nulo_obligatorio:tipo_via
synthetic_traffic,109,nulo_obligatorio:tipo_via
synthetic_traffic,110,nulo_obligatorio:tipo_via
synthetic_traffic,111,nulo_obligatorio:tipo_via
synthetic_traffic,112,nulo_obligatorio:tipo_via
synthetic_traffic,113,nulo_obligatorio:tipo_via
synthetic_traffic,114,nulo_obligatorio:tipo_via
synthetic_traffic,115,nulo_obligatorio:tipo_via
synthetic_traffic,116,nulo_obligatorio:tipo_via
synthetic_traffic,117,nulo_obligatorio:tipo_via
synthetic_traffic,118,nulo_obligatorio:tipo_via
synthetic_traffic,119,nulo_obligatorio:tipo_via
synthetic_traffic,120,nulo_obligatorio:tipo_via
synthetic_traffic,121,nulo_obligatorio:tipo_via
synthetic_traffic,122,nulo_obligatorio:tipo_via
synthetic_traffic,123,nulo_obligatorio:tipo_via
synthetic_traffic,124,nulo_obligatorio:tipo_via
synthetic_traffic,125,nulo_obligatorio:tipo_via
synthetic_traffic,126,nulo_obligatorio:tipo_via
synthetic_traffic,127,nulo_obligatorio:tipo_via
synthetic_traffic,128,nulo_obligatorio:tipo_via
synthetic_traffic,129,nulo_obligatorio:tipo_via
synthetic_traffic,130,nulo_obligatorio:tipo_via
synthetic_traffic,131,nulo_obligatorio:tipo_via
synthetic_traffic,132,nulo_obligatorio:tipo_via
synthetic_traffic,133,nulo_obligatorio:tipo_via
synthetic_traffic,134,nulo_obligatorio:tipo_via
synthetic_traffic,135,nulo_obligatorio:tipo_via
synthetic_traffic,136,nulo_obligatorio:tipo_via
synthetic_traffic,137,nulo_obligatorio:tipo_via
synthetic_traffic,138,nulo_obligatorio:tipo_via
synthetic_traffic,139,nulo_obligatorio:tipo_via
synthetic_traffic,140,nulo_obligatorio:tipo_via
synthetic_traffic,141,nulo_obligatorio:tipo_via
synthetic_traffic,142,nulo_obligatorio:tipo_via
synthetic_traffic,143,nulo_obligatorio:tipo_via
synthetic_traffic,144,nulo_obligatorio:tipo_via
synthetic_traffic,145,nulo_obligatorio:tipo_via
synthetic_traffic,146,nulo_obligatorio:tipo_via
synthetic_traffic,147,nulo_obligatorio:tipo_via
synthetic_traffic,148,nulo_obligatorio:tipo_via
synthetic_traffic,149,nulo_obligatorio:tipo_via
synthetic_traffic,150,nulo_obligatorio:tipo_via
synthetic_traffic,151,nulo_obligatorio:tipo_via
synthetic_traffic,152,nulo_obligatorio:tipo_via
synthetic_traffic,153,nulo_obligatorio:tipo_via
synthetic_traffic,154,nulo_obligatorio:tipo_via
synthetic_traffic,155,nulo_obligatorio:tipo_via
synthetic_traffic,156,nulo_obligatorio:tipo_via
synthetic_traffic,157,nulo_obligatorio:tipo_via
synthetic_traffic,158,nulo_obligatorio:tipo_via
synthetic_traffic,159,nulo_obligatorio:tipo_via
synthetic_traffic,160,nulo_obligatorio:tipo_via
synthetic_traffic,161,nulo_obligatorio:tipo_via
synthetic_traffic,162,nulo_obligatorio:tipo_via
synthetic_traffic,163,nulo_obligatorio:tipo_via
synthetic_traffic,164,nulo_obligatorio:tipo_via
synthetic_traffic,165,nulo_obligatorio:tipo_via
synthetic_traffic,166,nulo_obligatorio:tipo_via
synthetic_traffic,167,nulo_obligatorio:tipo_via
synthetic_traffic,168,nulo_obligatorio:tipo_via
synthetic_traffic,169,nulo_obligatorio:tipo_via
synthetic_traffic,170,nulo_obligatorio:tipo_via
synthetic_traffic,171,nulo_obligatorio:tipo_via
synthetic_traffic,172,nulo_obligatorio:tipo_via
synthetic_traffic,173,nulo_obligatorio:tipo_via
synthetic_traffic,174,nulo_obligatorio:tipo_via
synthetic_traffic,175,nulo_obligatorio:tipo_via
synthetic_traffic,176,nulo_obligatorio:tipo_via
synthetic_traffic,177,nulo_obligatorio:tipo_via
synthetic_traffic,178,nulo_obligatorio:tipo_via
synthetic_traffic,179,nulo_obligatorio:tipo_via
synthetic_traffic,180,nulo_obligatorio:tipo_via
synthetic_traffic,181,nulo_obligatorio:tipo_via
synthetic_traffic,182,nulo_obligatorio:tipo_via
synthetic_traffic,183,nulo_obligatorio:tipo_via
synthetic_traffic,184,nulo_obligatorio:tipo_via
synthetic_traffic,185,nulo_obligatorio:tipo_via
synthetic_traffic,186,nulo_obligatorio:tipo_via
synthetic_traffic,187,nulo_obligatorio:tipo_via
synthetic_traffic,188,nulo_obligatorio:tipo_via
synthetic_traffic,189,nulo_obligatorio:tipo_via
synthetic_traffic,190,nulo_obligatorio:tipo_via
synthetic_traffic,191,nulo_obligatorio:tipo_via
synthetic_traffic,192,nulo_obligatorio:tipo_via
synthetic_traffic,193,nulo_obligatorio:tipo_via
synthetic_traffic,194,nulo_obligatorio:tipo_via
synthetic_traffic,195,nulo_obligatorio:tipo_via
synthetic_traffic,196,nulo_obligatorio:tipo_via
synthetic_traffic,197,nulo_obligatorio:tipo_via
synthetic_traffic,198,nulo_obligatorio:tipo_via
synthetic_traffic,199,nulo_obligatorio:tipo_via
synthetic_traffic,200,nulo_obligatorio:tipo_via
synthetic_traffic,201,nulo_obligatorio:tipo_via
synthetic_traffic,202,nulo_obligatorio:tipo_via
synthetic_traffic,203,nulo_obligatorio:tipo_via
synthetic_traffic,204,nulo_obligatorio:tipo_via
synthetic_traffic,205,nulo_obligatorio:tipo_via
synthetic_traffic,206,nulo_obligatorio:tipo_via
synthetic_traffic,207,nulo_obligatorio:tipo_via
synthetic_traffic,208,nulo_obligatorio:tipo_via
synthetic_traffic,209,nulo_obligatorio:tipo_via
synthetic_traffic,210,nulo_obligatorio:tipo_via
synthetic_traffic,211,nulo_obligatorio:tipo_via
synthetic_traffic,212,nulo_obligatorio:tipo_via
synthetic_traffic,213,nulo_obligatorio:tipo_via
synthetic_traffic,214,nulo_obligatorio:tipo_via
synthetic_traffic,215,nulo_obligatorio:tipo_via
synthetic_traffic,216,nulo_obligatorio:tipo_via
synthetic_traffic,217,nulo_obligatorio:tipo_via
synthetic_traffic,218,nulo_obligatorio:tipo_via
synthetic_traffic,219,nulo_obligatorio:tipo_via
synthetic_traffic,220,nulo_obligatorio:tipo_via
synthetic_traffic,221,nulo_obligatorio:tipo_via
synthetic_traffic,222,nulo_obligatorio:tipo_via
synthetic_traffic,223,nulo_obligatorio:tipo_via
synthetic_traffic,224,nulo_obligatorio:tipo_via
synthetic_traffic,225,nulo_obligatorio:tipo_via
synthetic_traffic,226,nulo_obligatorio:tipo_via
synthetic_traffic,227,nulo_obligatorio:tipo_via
synthetic_traffic,228,nulo_obligatorio:tipo_via
synthetic_traffic,229,nulo_obligatorio:tipo_via
synthetic_traffic,230,nulo_obligatorio:tipo_via
synthetic_traffic,231,nulo_obligatorio:tipo_via
synthetic_traffic,232,nulo_obligatorio:tipo_via
synthetic_traffic,233,nulo_obligatorio:tipo_via
synthetic_traffic,234,nulo_obligatorio:tipo_via
synthetic_traffic,235,nulo_obligatorio:tipo_via
synthetic_traffic,236,nulo_obligatorio:tipo_via
synthetic_traffic,237,nulo_obligatorio:tipo_via
synthetic_traffic,238,nulo_obligatorio:tipo_via
synthetic_traffic,239,nulo_obligatorio:tipo_via
synthetic_traffic,240,nulo_obligatorio:tipo_via
synthetic_traffic,241,nulo_obligatorio:tipo_via
synthetic_traffic,242,nulo_obligatorio:tipo_via
synthetic_traffic,243,nulo_obligatorio:tipo_via
synthetic_traffic,244,nulo_obligatorio:tipo_via
synthetic_traffic,245,nulo_obligatorio:tipo_via
synthetic_traffic,246,nulo_obligatorio:tipo_via
synthetic_traffic,247,nulo_obligatorio:tipo_via
synthetic_traffic,248,nulo_obligatorio:tipo_via
synthetic_traffic,249,nulo_obligatorio:tipo_via
synthetic_traffic,250,nulo_obligatorio:tipo_via
synthetic_traffic,251,nulo_obligatorio:tipo_via
synthetic_traffic,252,nulo_obligatorio:tipo_via
synthetic_traffic,253,nulo_obligatorio:tipo_via
synthetic_traffic,254,nulo_obligatorio:tipo_via
synthetic_traffic,255,nulo_obligatorio:tipo_via
synthetic_traffic,256,nulo_obligatorio:tipo_via
synthetic_traffic,257,nulo_obligatorio:tipo_via
synthetic_traffic,258,nulo_obligatorio:tipo_via
synthetic_traffic,259,nulo_obligatorio:tipo_via
synthetic_traffic,260,nulo_obligatorio:tipo_via
synthetic_traffic,261,nulo_obligatorio:tipo_via
synthetic_traffic,262,nulo_obligatorio:tipo_via
synthetic_traffic,263,nulo_obligatorio:tipo_via
synthetic_traffic,264,nulo_obligatorio:tipo_via
synthetic_traffic,265,nulo_obligatorio:tipo_via
synthetic_traffic,266,nulo_obligatorio:tipo_via
synthetic_traffic,267,nulo_obligatorio:tipo_via
synthetic_traffic,268,nulo_obligatorio:tipo_via
synthetic_traffic,269,nulo_obligatorio:tipo_via
synthetic_traffic,270,nulo_obligatorio:tipo_via
synthetic_traffic,271,nulo_obligatorio:tipo_via
synthetic_traffic,272,nulo_obligatorio:tipo_via
synthetic_traffic,273,nulo_obligatorio:tipo_via
synthetic_traffic,274,nulo_obligatorio:tipo_via
synthetic_traffic,275,nulo_obligatorio:tipo_via
synthetic_traffic,276,nulo_obligatorio:tipo_via
synthetic_traffic,277,nulo_obligatorio:tipo_via
synthetic_traffic,278,nulo_obligatorio:tipo_via
synthetic_traffic,279,nulo_obligatorio:tipo_via
synthetic_traffic,280,nulo_obligatorio:tipo_via
synthetic_traffic,281,nulo_obligatorio:tipo_via
synthetic_traffic,282,nulo_obligatorio:tipo_via
synthetic_traffic,283,nulo_obligatorio:tipo_via
synthetic_traffic,284,nulo_obligatorio:tipo_via
synthetic_traffic,285,nulo_obligatorio:tipo_via
synthetic_traffic,286,nulo_obligatorio:tipo_via
synthetic_traffic,287,nulo_obligatorio:tipo_via
synthetic_traffic,288,nulo_obligatorio:tipo_via
synthetic_traffic,289,nulo_obligatorio:tipo_via
synthetic_traffic,290,nulo_obligatorio:tipo_via
synthetic_traffic,291,nulo_obligatorio:tipo_via
synthetic_traffic,292,nulo_obligatorio:tipo_via
synthetic_traffic,293,nulo_obligatorio:tipo_via
synthetic_traffic,294,nulo_obligatorio:tipo_via
synthetic_traffic,295,nulo_obligatorio:tipo_via
synthetic_traffic,296,nulo_obligatorio:tipo_via
synthetic_traffic,297,nulo_obligatorio:tipo_via
synthetic_traffic,298,nulo_obligatorio:tipo_via
synthetic_traffic,299,nulo_obligatorio:tipo_via
synthetic_traffic,300,nulo_obligatorio:tipo_via
synthetic_traffic,301,nulo_obligatorio:tipo_via
synthetic_traffic,302,nulo_obligatorio:tipo_via
synthetic_traffic,303,nulo_obligatorio:tipo_via
synthetic_traffic,304,nulo_obligatorio:tipo_via
synthetic_traffic,305,nulo_obligatorio:tipo_via
synthetic_traffic,306,nulo_obligatorio:tipo_via
synthetic_traffic,307,nulo_obligatorio:tipo_via
synthetic_traffic,308,nulo_obligatorio:tipo_via
synthetic_traffic,309,nulo_obligatorio:tipo_via
synthetic_traffic,310,nulo_obligatorio:tipo_via
synthetic_traffic,311,nulo_obligatorio:tipo_via
synthetic_traffic,312,nulo_obligatorio:tipo_via
synthetic_traffic,313,nulo_obligatorio:tipo_via
synthetic_traffic,314,nulo_obligatorio:tipo_via
synthetic_traffic,315,nulo_obligatorio:tipo_via
synthetic_traffic,316,nulo_obligatorio:tipo_via
synthetic_traffic,317,nulo_obligatorio:tipo_via
synthetic_traffic,318,nulo_obligatorio:tipo_via
synthetic_traffic,319,nulo_obligatorio:tipo_via
synthetic_traffic,320,nulo_obligatorio:tipo_via
synthetic_traffic,321,nulo_obligatorio:tipo_via
synthetic_traffic,322,nulo_obligatorio:tipo_via
synthetic_traffic,323,nulo_obligatorio:tipo_via
synthetic_traffic,324,nulo_obligatorio:tipo_via
synthetic_traffic,325,nulo_obligatorio:tipo_via
synthetic_traffic,326,nulo_obligatorio:tipo_via
synthetic_traffic,327,nulo_obligatorio:tipo_via
synthetic_traffic,328,nulo_obligatorio:tipo_via
synthetic_traffic,329,nulo_obligatorio:tipo_via
synthetic_traffic,330,nulo_obligatorio:tipo_via
synthetic_traffic,331,nulo_obligatorio:tipo_via
synthetic_traffic,332,nulo_obligatorio:tipo_via
synthetic_traffic,333,nulo_obligatorio:tipo_via
synthetic_traffic,334,nulo_obligatorio:tipo_via
synthetic_traffic,335,nulo_obligatorio:tipo_via
synthetic_traffic,336,nulo_obligatorio:tipo_via
synthetic_traffic,337,nulo_obligatorio:tipo_via
synthetic_traffic,338,nulo_obligatorio:tipo_via
synthetic_traffic,339,nulo_obligatorio:tipo_via
synthetic_traffic,340,nulo_obligatorio:tipo_via
synthetic_traffic,341,nulo_obligatorio:tipo_via
synthetic_traffic,342,nulo_obligatorio:tipo_via
synthetic_traffic,343,nulo_obligatorio:tipo_via
synthetic_traffic,344,nulo_obligatorio:tipo_via
synthetic_traffic,345,nulo_obligatorio:tipo_via
synthetic_traffic,346,nulo_obligatorio:tipo_via
synthetic_traffic,347,nulo_obligatorio:tipo_via
synthetic_traffic,348,nulo_obligatorio:tipo_via
synthetic_traffic,349,nulo_obligatorio:tipo_via
synthetic_traffic,350,nulo_obligatorio:tipo_via
synthetic_traffic,351,nulo_obligatorio:tipo_via
synthetic_traffic,352,nulo_obligatorio:tipo_via
synthetic_traffic,353,nulo_obligatorio:tipo_via
synthetic_traffic,354,nulo_obligatorio:tipo_via
synthetic_traffic,355,nulo_obligatorio:tipo_via
synthetic_traffic,356,nulo_obligatorio:tipo_via
synthetic_traffic,357,nulo_obligatorio:tipo_via
synthetic_traffic,358,nulo_obligatorio:tipo_via
synthetic_traffic,359,nulo_obligatorio:tipo_via
synthetic_traffic,360,nulo_obligatorio:tipo_via
synthetic_traffic,361,nulo_obligatorio:tipo_via
synthetic_traffic,362,nulo_obligatorio:tipo_via
synthetic_traffic,363,nulo_obligatorio:tipo_via
synthetic_traffic,364,nulo_obligatorio:tipo_via
synthetic_traffic,365,nulo_obligatorio:tipo_via
synthetic_traffic,366,nulo_obligatorio:tipo_via
synthetic_traffic,367,nulo_obligatorio:tipo_via
synthetic_traffic,368,nulo_obligatorio:tipo_via
synthetic_traffic,369,nulo_obligatorio:tipo_via
synthetic_traffic,370,nulo_obligatorio:tipo_via
synthetic_traffic,371,nulo_obligatorio:tipo_via
synthetic_traffic,372,nulo_obligatorio:tipo_via
synthetic_traffic,373,nulo_obligatorio:tipo_via
synthetic_traffic,374,nulo_obligatorio:tipo_via
synthetic_traffic,375,nulo_obligatorio:tipo_via
synthetic_traffic,376,nulo_obligatorio:tipo_via
synthetic_traffic,377,nulo_obligatorio:tipo_via
synthetic_traffic,378,nulo_obligatorio:tipo_via
synthetic_traffic,379,nulo_obligatorio:tipo_via
synthetic_traffic,380,nulo_obligatorio:tipo_via
synthetic_traffic,381,nulo_obligatorio:tipo_via
synthetic_traffic,382,nulo_obligatorio:tipo_via
synthetic_traffic,383,nulo_obligatorio:tipo_via
synthetic_traffic,384,nulo_obligatorio:tipo_via
synthetic_traffic,385,nulo_obligatorio:tipo_via
synthetic_traffic,386,nulo_obligatorio:tipo_via
synthetic_traffic,387,nulo_obligatorio:tipo_via
synthetic_traffic,388,nulo_obligatorio:tipo_via
synthetic_traffic,389,nulo_obligatorio:tipo_via
synthetic_traffic,390,nulo_obligatorio:tipo_via
synthetic_traffic,391,nulo_obligatorio:tipo_via
synthetic_traffic,392,nulo_obligatorio:tipo_via
synthetic_traffic,393,nulo_obligatorio:tipo_via
synthetic_traffic,394,nulo_obligatorio:tipo_via
synthetic_traffic,395,nulo_obligatorio:tipo_via
synthetic_traffic,396,nulo_obligatorio:tipo_via
synthetic_traffic,397,nulo_obligatorio:tipo_via
synthetic_traffic,398,nulo_obligatorio:tipo_via
synthetic_traffic,399,nulo_obligatorio:tipo_via
synthetic_traffic,400,nulo_obligatorio:tipo_via
synthetic_traffic,401,nulo_obligatorio:tipo_via
synthetic_traffic,402,nulo_obligatorio:tipo_via
synthetic_traffic,403,nulo_obligatorio:tipo_via
synthetic_traffic,404,nulo_obligatorio:tipo_via
synthetic_traffic,405,nulo_obligatorio:tipo_via
synthetic_traffic,406,nulo_obligatorio:tipo_via
synthetic_traffic,407,nulo_obligatorio:tipo_via
synthetic_traffic,408,nulo_obligatorio:tipo_via
synthetic_traffic,409,nulo_obligatorio:tipo_via
synthetic_traffic,410,nulo_obligatorio:tipo_via
synthetic_traffic,411,nulo_obligatorio:tipo_via
synthetic_traffic,412,nulo_obligatorio:tipo_via
synthetic_traffic,413,nulo_obligatorio:tipo_via
synthetic_traffic,414,nulo_obligatorio:tipo_via
synthetic_traffic,415,nulo_obligatorio:tipo_via
synthetic_traffic,416,nulo_obligatorio:tipo_via
synthetic_traffic,417,nulo_obligatorio:tipo_via
synthetic_traffic,418,nulo_obligatorio:tipo_via
synthetic_traffic,419,nulo_obligatorio:tipo_via
synthetic_traffic,420,nulo_obligatorio:tipo_via
synthetic_traffic,421,nulo_obligatorio:tipo_via
synthetic_traffic,422,nulo_obligatorio:tipo_via
synthetic_traffic,423,nulo_obligatorio:tipo_via
synthetic_traffic,424,nulo_obligatorio:tipo_via
synthetic_traffic,425,nulo_obligatorio:tipo_via
synthetic_traffic,426,nulo_obligatorio:tipo_via
synthetic_traffic,427,nulo_obligatorio:tipo_via
synthetic_traffic,428,nulo_obligatorio:tipo_via
synthetic_traffic,429,nulo_obligatorio:tipo_via
synthetic_traffic,430,nulo_obligatorio:tipo_via
synthetic_traffic,431,nulo_obligatorio:tipo_via
synthetic_traffic,432,nulo_obligatorio:tipo_via
synthetic_traffic,433,nulo_obligatorio:tipo_via
synthetic_traffic,434,nulo_obligatorio:tipo_via
synthetic_traffic,435,nulo_obligatorio:tipo_via
synthetic_traffic,436,nulo_obligatorio:tipo_via
synthetic_traffic,437,nulo_obligatorio:tipo_via
synthetic_traffic,438,nulo_obligatorio:tipo_via
synthetic_traffic,439,nulo_obligatorio:tipo_via
synthetic_traffic,440,nulo_obligatorio:tipo_via
synthetic_traffic,441,nulo_obligatorio:tipo_via
synthetic_traffic,442,nulo_obligatorio:tipo_via
synthetic_traffic,443,nulo_obligatorio:tipo_via
synthetic_traffic,444,nulo_obligatorio:tipo_via
synthetic_traffic,445,nulo_obligatorio:tipo_via
synthetic_traffic,446,nulo_obligatorio:tipo_via
synthetic_traffic,447,nulo_obligatorio:tipo_via
synthetic_traffic,448,nulo_obligatorio:tipo_via
synthetic_traffic,449,nulo_obligatorio:tipo_via
synthetic_traffic,450,nulo_obligatorio:tipo_via
synthetic_traffic,451,nulo_obligatorio:tipo_via
synthetic_traffic,452,nulo_obligatorio:tipo_via
synthetic_traffic,453,nulo_obligatorio:tipo_via
synthetic_traffic,454,nulo_obligatorio:tipo_via
synthetic_traffic,455,nulo_obligatorio:tipo_via
synthetic_traffic,456,nulo_obligatorio:tipo_via
synthetic_traffic,457,nulo_obligatorio:tipo_via
synthetic_traffic,458,nulo_obligatorio:tipo_via
synthetic_traffic,459,nulo_obligatorio:tipo_via
synthetic_traffic,460,nulo_obligatorio:tipo_via
synthetic_traffic,461,nulo_obligatorio:tipo_via
synthetic_traffic,462,nulo_obligatorio:tipo_via
synthetic_traffic,463,nulo_obligatorio:tipo_via
synthetic_traffic,464,nulo_obligatorio:tipo_via
synthetic_traffic,465,nulo_obligatorio:tipo_via
synthetic_traffic,466,nulo_obligatorio:tipo_via
synthetic_traffic,467,nulo_obligatorio:tipo_via
synthetic_traffic,468,nulo_obligatorio:tipo_via
synthetic_traffic,469,nulo_obligatorio:tipo_via
synthetic_traffic,470,nulo_obligatorio:tipo_via
synthetic_traffic,471,nulo_obligatorio:tipo_via
synthetic_traffic,472,nulo_obligatorio:tipo_via
synthetic_traffic,473,nulo_obligatorio:tipo_via
synthetic_traffic,474,nulo_obligatorio:tipo_via
synthetic_traffic,475,nulo_obligatorio:tipo_via
synthetic_traffic,476,nulo_obligatorio:tipo_via
synthetic_traffic,477,nulo_obligatorio:tipo_via
synthetic_traffic,478,nulo_obligatorio:tipo_via
synthetic_traffic,479,nulo_obligatorio:tipo_via
synthetic_traffic,480,nulo_obligatorio:tipo_via
synthetic_traffic,481,nulo_obligatorio:tipo_via
synthetic_traffic,482,nulo_obligatorio:tipo_via
synthetic_traffic,483,nulo_obligatorio:tipo_via
synthetic_traffic,484,nulo_obligatorio:tipo_via
synthetic_traffic,485,nulo_obligatorio:tipo_via
synthetic_traffic,486,nulo_obligatorio:tipo_via
synthetic_traffic,487,nulo_obligatorio:tipo_via
synthetic_traffic,488,nulo_obligatorio:tipo_via
synthetic_traffic,489,nulo_obligatorio:tipo_via
synthetic_traffic,490,nulo_obligatorio:tipo_via
synthetic_traffic,491,nulo_obligatorio:tipo_via
synthetic_traffic,492,nulo_obligatorio:tipo_via
synthetic_traffic,493,nulo_obligatorio:tipo_via
synthetic_traffic,494,nulo_obligatorio:tipo_via
synthetic_traffic,495,nulo_obligatorio:tipo_via
synthetic_traffic,496,nulo_obligatorio:tipo_via
synthetic_traffic,497,nulo_obligatorio:tipo_via
synthetic_traffic,498,nulo_obligatorio:tipo_via
synthetic_traffic,499,nulo_obligatorio:tipo_via
synthetic_traffic,500,nulo_obligatorio:tipo_via
synthetic_traffic,501,nulo_obligatorio:tipo_via
synthetic_traffic,502,nulo_obligatorio:tipo_via
synthetic_traffic,503,nulo_obligatorio:tipo_via
synthetic_traffic,504,nulo_obligatorio:tipo_via
synthetic_traffic,505,nulo_obligatorio:tipo_via
synthetic_traffic,506,nulo_obligatorio:tipo_via
synthetic_traffic,507,nulo_obligatorio:tipo_via
synthetic_traffic,508,nulo_obligatorio:tipo_via
synthetic_traffic,509,nulo_obligatorio:tipo_via
synthetic_traffic,510,nulo_obligatorio:tipo_via
synthetic_traffic,511,nulo_obligatorio:tipo_via
synthetic_traffic,512,nulo_obligatorio:tipo_via
synthetic_traffic,513,nulo_obligatorio:tipo_via
synthetic_traffic,514,nulo_obligatorio:tipo_via
synthetic_traffic,515,nulo_obligatorio:tipo_via
synthetic_traffic,516,nulo_obligatorio:tipo_via
synthetic_traffic,517,nulo_obligatorio:tipo_via
synthetic_traffic,518,nulo_obligatorio:tipo_via
synthetic_traffic,519,nulo_obligatorio:tipo_via
synthetic_traffic,520,nulo_obligatorio:tipo_via
synthetic_traffic,521,nulo_obligatorio:tipo_via
synthetic_traffic,522,nulo_obligatorio:tipo_via
synthetic_traffic,523,nulo_obligatorio:tipo_via
synthetic_traffic,524,nulo_obligatorio:tipo_via
synthetic_traffic,525,nulo_obligatorio:tipo_via
synthetic_traffic,526,nulo_obligatorio:tipo_via
synthetic_traffic,527,nulo_obligatorio:tipo_via
synthetic_traffic,528,nulo_obligatorio:tipo_via
synthetic_traffic,529,nulo_obligatorio:tipo_via
synthetic_traffic,530,nulo_obligatorio:tipo_via
synthetic_traffic,531,nulo_obligatorio:tipo_via
synthetic_traffic,532,nulo_obligatorio:tipo_via
synthetic_traffic,533,nulo_obligatorio:tipo_via
synthetic_traffic,534,nulo_obligatorio:tipo_via
synthetic_traffic,535,nulo_obligatorio:tipo_via
synthetic_traffic,536,nulo_obligatorio:tipo_via
synthetic_traffic,537,nulo_obligatorio:tipo_via
synthetic_traffic,538,nulo_obligatorio:tipo_via
synthetic_traffic,539,nulo_obligatorio:tipo_via
synthetic_traffic,540,nulo_obligatorio:tipo_via
synthetic_traffic,541,nulo_obligatorio:tipo_via
synthetic_traffic,542,nulo_obligatorio:tipo_via
synthetic_traffic,543,nulo_obligatorio:tipo_via
synthetic_traffic,544,nulo_obligatorio:tipo_via
synthetic_traffic,545,nulo_obligatorio:tipo_via
synthetic_traffic,546,nulo_obligatorio:tipo_via
synthetic_traffic,547,nulo_obligatorio:tipo_via
synthetic_traffic,548,nulo_obligatorio:tipo_via
synthetic_traffic,549,nulo_obligatorio:tipo_via
synthetic_traffic,550,nulo_obligatorio:tipo_via
synthetic_traffic,551,nulo_obligatorio:tipo_via
synthetic_traffic,552,nulo_obligatorio:tipo_via
synthetic_traffic,553,nulo_obligatorio:tipo_via
synthetic_traffic,554,nulo_obligatorio:tipo_via
synthetic_traffic,555,nulo_obligatorio:tipo_via
synthetic_traffic,556,nulo_obligatorio:tipo_via
synthetic_traffic,557,nulo_obligatorio:tipo_via
synthetic_traffic,558,nulo_obligatorio:tipo_via
synthetic_traffic,559,nulo_obligatorio:tipo_via
synthetic_traffic,560,nulo_obligatorio:tipo_via
synthetic_traffic,561,nulo_obligatorio:tipo_via
synthetic_traffic,562,nulo_obligatorio:tipo_via
synthetic_traffic,563,nulo_obligatorio:tipo_via
synthetic_traffic,564,nulo_obligatorio:tipo_via
synthetic_traffic,565,nulo_obligatorio:tipo_via
synthetic_traffic,566,nulo_obligatorio:tipo_via
synthetic_traffic,567,nulo_obligatorio:tipo_via
synthetic_traffic,568,nulo_obligatorio:tipo_via
synthetic_traffic,569,nulo_obligatorio:tipo_via
synthetic_traffic,570,nulo_obligatorio:tipo_via
synthetic_traffic,571,nulo_obligatorio:tipo_via
synthetic_traffic,572,nulo_obligatorio:tipo_via
synthetic_traffic,573,nulo_obligatorio:tipo_via
synthetic_traffic,574,nulo_obligatorio:tipo_via
synthetic_traffic,575,nulo_obligatorio:tipo_via
synthetic_traffic,576,nulo_obligatorio:tipo_via
synthetic_traffic,577,nulo_obligatorio:tipo_via
synthetic_traffic,578,nulo_obligatorio:tipo_via
synthetic_traffic,579,nulo_obligatorio:tipo_via
synthetic_traffic,580,nulo_obligatorio:tipo_via
synthetic_traffic,581,nulo_obligatorio:tipo_via
synthetic_traffic,582,nulo_obligatorio:tipo_via
synthetic_traffic,583,nulo_obligatorio:tipo_via
synthetic_traffic,584,nulo_obligatorio:tipo_via
synthetic_traffic,585,nulo_obligatorio:tipo_via
synthetic_traffic,586,nulo_obligatorio:tipo_via
synthetic_traffic,587,nulo_obligatorio:tipo_via
synthetic_traffic,588,nulo_obligatorio:tipo_via
synthetic_traffic,589,nulo_obligatorio:tipo_via
synthetic_traffic,590,nulo_obligatorio:tipo_via
synthetic_traffic,591,nulo_obligatorio:tipo_via
synthetic_traffic,592,nulo_obligatorio:tipo_via
synthetic_traffic,593,nulo_obligatorio:tipo_via
synthetic_traffic,594,nulo_obligatorio:tipo_via
synthetic_traffic,595,nulo_obligatorio:tipo_via
synthetic_traffic,596,nulo_obligatorio:tipo_via
synthetic_traffic,597,nulo_obligatorio:tipo_via
synthetic_traffic,598,nulo_obligatorio:tipo_via
synthetic_traffic,599,nulo_obligatorio:tipo_via
synthetic_traffic,600,nulo_obligatorio:tipo_via
synthetic_traffic,601,nulo_obligatorio:tipo_via
synthetic_traffic,602,nulo_obligatorio:tipo_via
synthetic_traffic,603,nulo_obligatorio:tipo_via
synthetic_traffic,604,nulo_obligatorio:tipo_via
synthetic_traffic,605,nulo_obligatorio:tipo_via
synthetic_traffic,606,nulo_obligatorio:tipo_via
synthetic_traffic,607,nulo_obligatorio:tipo_via
synthetic_traffic,608,nulo_obligatorio:tipo_via
synthetic_traffic,609,nulo_obligatorio:tipo_via
synthetic_traffic,610,nulo_obligatorio:tipo_via
synthetic_traffic,611,nulo_obligatorio:tipo_via
synthetic_traffic,612,nulo_obligatorio:tipo_via
synthetic_traffic,613,nulo_obligatorio:tipo_via
synthetic_traffic,614,nulo_obligatorio:tipo_via
synthetic_traffic,615,nulo_obligatorio:tipo_via
synthetic_traffic,616,nulo_obligatorio:tipo_via
synthetic_traffic,617,nulo_obligatorio:tipo_via
synthetic_traffic,618,nulo_obligatorio:tipo_via
synthetic_traffic,619,nulo_obligatorio:tipo_via
synthetic_traffic,620,nulo_obligatorio:tipo_via
synthetic_traffic,621,nulo_obligatorio:tipo_via
synthetic_traffic,622,nulo_obligatorio:tipo_via
synthetic_traffic,623,nulo_obligatorio:tipo_via
synthetic_traffic,624,nulo_obligatorio:tipo_via
synthetic_traffic,625,nulo_obligatorio:tipo_via
synthetic_traffic,626,nulo_obligatorio:tipo_via
synthetic_traffic,627,nulo_obligatorio:tipo_via
synthetic_traffic,628,nulo_obligatorio:tipo_via
synthetic_traffic,629,nulo_obligatorio:tipo_via
synthetic_traffic,630,nulo_obligatorio:tipo_via
synthetic_traffic,631,nulo_obligatorio:tipo_via
synthetic_traffic,632,nulo_obligatorio:tipo_via
synthetic_traffic,633,nulo_obligatorio:tipo_via
synthetic_traffic,634,nulo_obligatorio:tipo_via
synthetic_traffic,635,nulo_obligatorio:tipo_via
synthetic_traffic,636,nulo_obligatorio:tipo_via
synthetic_traffic,637,nulo_obligatorio:tipo_via
synthetic_traffic,638,nulo_obligatorio:tipo_via
synthetic_traffic,639,nulo_obligatorio:tipo_via
synthetic_traffic,640,nulo_obligatorio:tipo_via
synthetic_traffic,641,nulo_obligatorio:tipo_via
synthetic_traffic,642,nulo_obligatorio:tipo_via
synthetic_traffic,643,nulo_obligatorio:tipo_via
synthetic_traffic,644,nulo_obligatorio:tipo_via
synthetic_traffic,645,nulo_obligatorio:tipo_via
synthetic_traffic,646,nulo_obligatorio:tipo_via
synthetic_traffic,647,nulo_obligatorio:tipo_via
synthetic_traffic,648,nulo_obligatorio:tipo_via
synthetic_traffic,649,nulo_obligatorio:tipo_via
synthetic_traffic,650,nulo_obligatorio:tipo_via
synthetic_traffic,651,nulo_obligatorio:tipo_via
synthetic_traffic,652,nulo_obligatorio:tipo_via
synthetic_traffic,653,nulo_obligatorio:tipo_via
synthetic_traffic,654,nulo_obligatorio:tipo_via
synthetic_traffic,655,nulo_obligatorio:tipo_via
synthetic_traffic,656,nulo_obligatorio:tipo_via
synthetic_traffic,657,nulo_obligatorio:tipo_via
synthetic_traffic,658,nulo_obligatorio:tipo_via
synthetic_traffic,659,nulo_obligatorio:tipo_via
synthetic_traffic,660,nulo_obligatorio:tipo_via
synthetic_traffic,661,nulo_obligatorio:tipo_via
synthetic_traffic,662,nulo_obligatorio:tipo_via
synthetic_traffic,663,nulo_obligatorio:tipo_via
synthetic_traffic,664,nulo_obligatorio:tipo_via
synthetic_traffic,665,nulo_obligatorio:tipo_via
synthetic_traffic,666,nulo_obligatorio:tipo_via
synthetic_traffic,667,nulo_obligatorio:tipo_via
synthetic_traffic,668,nulo_obligatorio:tipo_via
synthetic_traffic,669,nulo_obligatorio:tipo_via
synthetic_traffic,670,nulo_obligatorio:tipo_via
synthetic_traffic,671,nulo_obligatorio:tipo_via
synthetic_traffic,672,nulo_obligatorio:tipo_via
synthetic_traffic,673,nulo_obligatorio:tipo_via
synthetic_traffic,674,nulo_obligatorio:tipo_via
synthetic_traffic,675,nulo_obligatorio:tipo_via
synthetic_traffic,676,nulo_obligatorio:tipo_via
synthetic_traffic,677,nulo_obligatorio:tipo_via
synthetic_traffic,678,nulo_obligatorio:tipo_via
synthetic_traffic,679,nulo_obligatorio:tipo_via
synthetic_traffic,680,nulo_obligatorio:tipo_via
synthetic_traffic,681,nulo_obligatorio:tipo_via
synthetic_traffic,682,nulo_obligatorio:tipo_via
synthetic_traffic,683,nulo_obligatorio:tipo_via
synthetic_traffic,684,nulo_obligatorio:tipo_via
synthetic_traffic,685,nulo_obligatorio:tipo_via
synthetic_traffic,686,nulo_obligatorio:tipo_via
synthetic_traffic,687,nulo_obligatorio:tipo_via
synthetic_traffic,688,nulo_obligatorio:tipo_via
synthetic_traffic,689,nulo_obligatorio:tipo_via
synthetic_traffic,690,nulo_obligatorio:tipo_via
synthetic_traffic,691,nulo_obligatorio:tipo_via
synthetic_traffic,692,nulo_obligatorio:tipo_via
synthetic_traffic,693,nulo_obligatorio:tipo_via
synthetic_traffic,694,nulo_obligatorio:tipo_via
synthetic_traffic,695,nulo_obligatorio:tipo_via
synthetic_traffic,696,nulo_obligatorio:tipo_via
synthetic_traffic,697,nulo_obligatorio:tipo_via
synthetic_traffic,698,nulo_obligatorio:tipo_via
synthetic_traffic,699,nulo_obligatorio:tipo_via
synthetic_traffic,700,nulo_obligatorio:tipo_via
synthetic_traffic,701,nulo_obligatorio:tipo_via
synthetic_traffic,702,nulo_obligatorio:tipo_via
synthetic_traffic,703,nulo_obligatorio:tipo_via
synthetic_traffic,704,nulo_obligatorio:tipo_via
synthetic_traffic,705,nulo_obligatorio:tipo_via
synthetic_traffic,706,nulo_obligatorio:tipo_via
synthetic_traffic,707,nulo_obligatorio:tipo_via
synthetic_traffic,708,nulo_obligatorio:tipo_via
synthetic_traffic,709,nulo_obligatorio:tipo_via
synthetic_traffic,710,nulo_obligatorio:tipo_via
synthetic_traffic,711,nulo_obligatorio:tipo_via
synthetic_traffic,712,nulo_obligatorio:tipo_via
synthetic_traffic,713,nulo_obligatorio:tipo_via
synthetic_traffic,714,nulo_obligatorio:tipo_via
synthetic_traffic,715,nulo_obligatorio:tipo_via
synthetic_traffic,716,nulo_obligatorio:tipo_via
synthetic_traffic,717,nulo_obligatorio:tipo_via
synthetic_traffic,718,nulo_obligatorio:tipo_via
synthetic_traffic,719,nulo_obligatorio:tipo_via
synthetic_traffic,720,nulo_obligatorio:tipo_via
synthetic_traffic,721,nulo_obligatorio:tipo_via
synthetic_traffic,722,nulo_obligatorio:tipo_via
synthetic_traffic,723,nulo_obligatorio:tipo_via
synthetic_traffic,724,nulo_obligatorio:tipo_via
synthetic_traffic,725,nulo_obligatorio:tipo_via
synthetic_traffic,726,nulo_obligatorio:tipo_via
synthetic_traffic,727,nulo_obligatorio:tipo_via
synthetic_traffic,728,nulo_obligatorio:tipo_via
synthetic_traffic,729,nulo_obligatorio:tipo_via
synthetic_traffic,730,nulo_obligatorio:tipo_via
synthetic_traffic,731,nulo_obligatorio:tipo_via
synthetic_traffic,732,nulo_obligatorio:tipo_via
synthetic_traffic,733,nulo_obligatorio:tipo_via
synthetic_traffic,734,nulo_obligatorio:tipo_via
synthetic_traffic,735,nulo_obligatorio:tipo_via
synthetic_traffic,736,nulo_obligatorio:tipo_via
synthetic_traffic,737,nulo_obligatorio:tipo_via
synthetic_traffic,738,nulo_obligatorio:tipo_via
synthetic_traffic,739,nulo_obligatorio:tipo_via
synthetic_traffic,740,nulo_obligatorio:tipo_via
synthetic_traffic,741,nulo_obligatorio:tipo_via
synthetic_traffic,742,nulo_obligatorio:tipo_via
synthetic_traffic,743,nulo_obligatorio:tipo_via
synthetic_traffic,744,nulo_obligatorio:tipo_via
synthetic_traffic,745,nulo_obligatorio:tipo_via
synthetic_traffic,746,nulo_obligatorio:tipo_via
synthetic_traffic,747,nulo_obligatorio:tipo_via
synthetic_traffic,748,nulo_obligatorio:tipo_via
synthetic_traffic,749,nulo_obligatorio:tipo_via
synthetic_traffic,750,nulo_obligatorio:tipo_via
synthetic_traffic,751,nulo_obligatorio:tipo_via
synthetic_traffic,752,nulo_obligatorio:tipo_via
synthetic_traffic,753,nulo_obligatorio:tipo_via
synthetic_traffic,754,nulo_obligatorio:tipo_via
synthetic_traffic,755,nulo_obligatorio:tipo_via
synthetic_traffic,756,nulo_obligatorio:tipo_via
synthetic_traffic,757,nulo_obligatorio:tipo_via
synthetic_traffic,758,nulo_obligatorio:tipo_via
synthetic_traffic,759,nulo_obligatorio:tipo_via
synthetic_traffic,760,nulo_obligatorio:tipo_via
synthetic_traffic,761,nulo_obligatorio:tipo_via
synthetic_traffic,762,nulo_obligatorio:tipo_via
synthetic_traffic,763,nulo_obligatorio:tipo_via
synthetic_traffic,764,nulo_obligatorio:tipo_via
synthetic_traffic,765,nulo_obligatorio:tipo_via
synthetic_traffic,766,nulo_obligatorio:tipo_via
synthetic_traffic,767,nulo_obligatorio:tipo_via
synthetic_traffic,768,nulo_obligatorio:tipo_via
synthetic_traffic,769,nulo_obligatorio:tipo_via
synthetic_traffic,770,nulo_obligatorio:tipo_via
synthetic_traffic,771,nulo_obligatorio:tipo_via
synthetic_traffic,772,nulo_obligatorio:tipo_via
synthetic_traffic,773,nulo_obligatorio:tipo_via
synthetic_traffic,774,nulo_obligatorio:tipo_via
synthetic_traffic,775,nulo_obligatorio:tipo_via
synthetic_traffic,776,nulo_obligatorio:tipo_via
synthetic_traffic,777,nulo_obligatorio:tipo_via
synthetic_traffic,778,nulo_obligatorio:tipo_via
synthetic_traffic,779,nulo_obligatorio:tipo_via
synthetic_traffic,780,nulo_obligatorio:tipo_via
synthetic_traffic,781,nulo_obligatorio:tipo_via
synthetic_traffic,782,nulo_obligatorio:tipo_via
synthetic_traffic,783,nulo_obligatorio:tipo_via
synthetic_traffic,784,nulo_obligatorio:tipo_via
synthetic_traffic,785,nulo_obligatorio:tipo_via
synthetic_traffic,786,nulo_obligatorio:tipo_via
synthetic_traffic,787,nulo_obligatorio:tipo_via
synthetic_traffic,788,nulo_obligatorio:tipo_via
synthetic_traffic,789,nulo_obligatorio:tipo_via
synthetic_traffic,790,nulo_obligatorio:tipo_via
synthetic_traffic,791,nulo_obligatorio:tipo_via
synthetic_traffic,792,nulo_obligatorio:tipo_via
synthetic_traffic,793,nulo_obligatorio:tipo_via
synthetic_traffic,794,nulo_obligatorio:tipo_via
synthetic_traffic,795,nulo_obligatorio:tipo_via
synthetic_traffic,796,nulo_obligatorio:tipo_via
synthetic_traffic,797,nulo_obligatorio:tipo_via
synthetic_traffic,798,nulo_obligatorio:tipo_via
synthetic_traffic,799,nulo_obligatorio:tipo_via
synthetic_traffic,800,nulo_obligatorio:tipo_via
synthetic_traffic,801,nulo_obligatorio:tipo_via
synthetic_traffic,802,nulo_obligatorio:tipo_via
synthetic_traffic,803,nulo_obligatorio:tipo_via
synthetic_traffic,804,nulo_obligatorio:tipo_via
synthetic_traffic,805,nulo_obligatorio:tipo_via
synthetic_traffic,806,nulo_obligatorio:tipo_via
synthetic_traffic,807,nulo_obligatorio:tipo_via
synthetic_traffic,808,nulo_obligatorio:tipo_via
synthetic_traffic,809,nulo_obligatorio:tipo_via
synthetic_traffic,810,nulo_obligatorio:tipo_via
synthetic_traffic,811,nulo_obligatorio:tipo_via
synthetic_traffic,812,nulo_obligatorio:tipo_via
synthetic_traffic,813,nulo_obligatorio:tipo_via
synthetic_traffic,814,nulo_obligatorio:tipo_via
synthetic_traffic,815,nulo_obligatorio:tipo_via
synthetic_traffic,816,nulo_obligatorio:tipo_via
synthetic_traffic,817,nulo_obligatorio:tipo_via
synthetic_traffic,818,nulo_obligatorio:tipo_via
synthetic_traffic,819,nulo_obligatorio:tipo_via
synthetic_traffic,820,nulo_obligatorio:tipo_via
synthetic_traffic,821,nulo_obligatorio:tipo_via
synthetic_traffic,822,nulo_obligatorio:tipo_via
synthetic_traffic,823,nulo_obligatorio:tipo_via
synthetic_traffic,824,nulo_obligatorio:tipo_via
synthetic_traffic,825,nulo_obligatorio:tipo_via
synthetic_traffic,826,nulo_obligatorio:tipo_via
synthetic_traffic,827,nulo_obligatorio:tipo_via
synthetic_traffic,828,nulo_obligatorio:tipo_via
synthetic_traffic,829,nulo_obligatorio:tipo_via
synthetic_traffic,830,nulo_obligatorio:tipo_via
synthetic_traffic,831,nulo_obligatorio:tipo_via
synthetic_traffic,832,nulo_obligatorio:tipo_via
synthetic_traffic,833,nulo_obligatorio:tipo_via
synthetic_traffic,834,nulo_obligatorio:tipo_via
synthetic_traffic,835,nulo_obligatorio:tipo_via
synthetic_traffic,836,nulo_obligatorio:tipo_via
synthetic_traffic,837,nulo_obligatorio:tipo_via
synthetic_traffic,838,nulo_obligatorio:tipo_via
synthetic_traffic,839,nulo_obligatorio:tipo_via
synthetic_traffic,840,nulo_obligatorio:tipo_via
synthetic_traffic,841,nulo_obligatorio:tipo_via
synthetic_traffic,842,nulo_obligatorio:tipo_via
synthetic_traffic,843,nulo_obligatorio:tipo_via
synthetic_traffic,844,nulo_obligatorio:tipo_via
synthetic_traffic,845,nulo_obligatorio:tipo_via
synthetic_traffic,846,nulo_obligatorio:tipo_via
synthetic_traffic,847,nulo_obligatorio:tipo_via
synthetic_traffic,848,nulo_obligatorio:tipo_via
synthetic_traffic,849,nulo_obligatorio:tipo_via
synthetic_traffic,850,nulo_obligatorio:tipo_via
synthetic_traffic,851,nulo_obligatorio:tipo_via
synthetic_traffic,852,nulo_obligatorio:tipo_via
synthetic_traffic,853,nulo_obligatorio:tipo_via
synthetic_traffic,854,nulo_obligatorio:tipo_via
synthetic_traffic,855,nulo_obligatorio:tipo_via
synthetic_traffic,856,nulo_obligatorio:tipo_via
synthetic_traffic,857,nulo_obligatorio:tipo_via
synthetic_traffic,858,nulo_obligatorio:tipo_via
synthetic_traffic,859,nulo_obligatorio:tipo_via
synthetic_traffic,860,nulo_obligatorio:tipo_via
synthetic_traffic,861,nulo_obligatorio:tipo_via
synthetic_traffic,862,nulo_obligatorio:tipo_via
synthetic_traffic,863,nulo_obligatorio:tipo_via
synthetic_traffic,864,nulo_obligatorio:tipo_via
synthetic_traffic,865,nulo_obligatorio:tipo_via
synthetic_traffic,866,nulo_obligatorio:tipo_via
synthetic_traffic,867,nulo_obligatorio:tipo_via
synthetic_traffic,868,nulo_obligatorio:tipo_via
synthetic_traffic,869,nulo_obligatorio:tipo_via
synthetic_traffic,870,nulo_obligatorio:tipo_via
synthetic_traffic,871,nulo_obligatorio:tipo_via
synthetic_traffic,872,nulo_obligatorio:tipo_via
synthetic_traffic,873,nulo_obligatorio:tipo_via
synthetic_traffic,874,nulo_obligatorio:tipo_via
synthetic_traffic,875,nulo_obligatorio:tipo_via
synthetic_traffic,876,nulo_obligatorio:tipo_via
synthetic_traffic,877,nulo_obligatorio:tipo_via
synthetic_traffic,878,nulo_obligatorio:tipo_via
synthetic_traffic,879,nulo_obligatorio:tipo_via
synthetic_traffic,880,nulo_obligatorio:tipo_via
synthetic_traffic,881,nulo_obligatorio:tipo_via
synthetic_traffic,882,nulo_obligatorio:tipo_via
synthetic_traffic,883,nulo_obligatorio:tipo_via
synthetic_traffic,884,nulo_obligatorio:tipo_via
synthetic_traffic,885,nulo_obligatorio:tipo_via
synthetic_traffic,886,nulo_obligatorio:tipo_via
synthetic_traffic,887,nulo_obligatorio:tipo_via
synthetic_traffic,888,nulo_obligatorio:tipo_via
synthetic_traffic,889,nulo_obligatorio:tipo_via
synthetic_traffic,890,nulo_obligatorio:tipo_via
synthetic_traffic,891,nulo_obligatorio:tipo_via
synthetic_traffic,892,nulo_obligatorio:tipo_via
synthetic_traffic,893,nulo_obligatorio:tipo_via
synthetic_traffic,894,nulo_obligatorio:tipo_via
synthetic_traffic,895,nulo_obligatorio:tipo_via
synthetic_traffic,896,nulo_obligatorio:tipo_via
synthetic_traffic,897,nulo_obligatorio:tipo_via
synthetic_traffic,898,nulo_obligatorio:tipo_via
synthetic_traffic,899,nulo_obligatorio:tipo_via
synthetic_traffic,900,nulo_obligatorio:tipo_via
synthetic_traffic,901,nulo_obligatorio:tipo_via
synthetic_traffic,902,nulo_obligatorio:tipo_via
synthetic_traffic,903,nulo_obligatorio:tipo_via
synthetic_traffic,904,nulo_obligatorio:tipo_via
synthetic_traffic,905,nulo_obligatorio:tipo_via
synthetic_traffic,906,nulo_obligatorio:tipo_via
synthetic_traffic,907,nulo_obligatorio:tipo_via
synthetic_traffic,908,nulo_obligatorio:tipo_via
synthetic_traffic,909,nulo_obligatorio:tipo_via
synthetic_traffic,910,nulo_obligatorio:tipo_via
synthetic_traffic,911,nulo_obligatorio:tipo_via
synthetic_traffic,912,nulo_obligatorio:tipo_via
synthetic_traffic,913,nulo_obligatorio:tipo_via
synthetic_traffic,914,nulo_obligatorio:tipo_via
synthetic_traffic,915,nulo_obligatorio:tipo_via
synthetic_traffic,916,nulo_obligatorio:tipo_via
synthetic_traffic,917,nulo_obligatorio:tipo_via
synthetic_traffic,918,nulo_obligatorio:tipo_via
synthetic_traffic,919,nulo_obligatorio:tipo_via
synthetic_traffic,920,nulo_obligatorio:tipo_via
synthetic_traffic,921,nulo_obligatorio:tipo_via
synthetic_traffic,922,nulo_obligatorio:tipo_via
synthetic_traffic,923,nulo_obligatorio:tipo_via
synthetic_traffic,924,nulo_obligatorio:tipo_via
synthetic_traffic,925,nulo_obligatorio:tipo_via
synthetic_traffic,926,nulo_obligatorio:tipo_via
synthetic_traffic,927,nulo_obligatorio:tipo_via
synthetic_traffic,928,nulo_obligatorio:tipo_via
synthetic_traffic,929,nulo_obligatorio:tipo_via
synthetic_traffic,930,nulo_obligatorio:tipo_via
synthetic_traffic,931,nulo_obligatorio:tipo_via
synthetic_traffic,932,nulo_obligatorio:tipo_via
synthetic_traffic,933,nulo_obligatorio:tipo_via
synthetic_traffic,934,nulo_obligatorio:tipo_via
synthetic_traffic,935,nulo_obligatorio:tipo_via
synthetic_traffic,936,nulo_obligatorio:tipo_via
synthetic_traffic,937,nulo_obligatorio:tipo_via
synthetic_traffic,938,nulo_obligatorio:tipo_via
synthetic_traffic,939,nulo_obligatorio:tipo_via
synthetic_traffic,940,nulo_obligatorio:tipo_via
synthetic_traffic,941,nulo_obligatorio:tipo_via
synthetic_traffic,942,nulo_obligatorio:tipo_via
synthetic_traffic,943,nulo_obligatorio:tipo_via
synthetic_traffic,944,nulo_obligatorio:tipo_via
synthetic_traffic,945,nulo_obligatorio:tipo_via
synthetic_traffic,946,nulo_obligatorio:tipo_via
synthetic_traffic,947,nulo_obligatorio:tipo_via
synthetic_traffic,948,nulo_obligatorio:tipo_via
synthetic_traffic,949,nulo_obligatorio:tipo_via
synthetic_traffic,950,nulo_obligatorio:tipo_via
synthetic_traffic,951,nulo_obligatorio:tipo_via
synthetic_traffic,952,nulo_obligatorio:tipo_via
synthetic_traffic,953,nulo_obligatorio:tipo_via
synthetic_traffic,954,nulo_obligatorio:tipo_via
synthetic_traffic,955,nulo_obligatorio:tipo_via
synthetic_traffic,956,nulo_obligatorio:tipo_via
synthetic_traffic,957,nulo_obligatorio:tipo_via
synthetic_traffic,958,nulo_obligatorio:tipo_via
synthetic_traffic,959,nulo_obligatorio:tipo_via
synthetic_traffic,960,nulo_obligatorio:tipo_via
synthetic_traffic,961,nulo_obligatorio:tipo_via
synthetic_traffic,962,nulo_obligatorio:tipo_via
synthetic_traffic,963,nulo_obligatorio:tipo_via
synthetic_traffic,964,nulo_obligatorio:tipo_via
synthetic_traffic,965,nulo_obligatorio:tipo_via
synthetic_traffic,966,nulo_obligatorio:tipo_via
synthetic_traffic,967,nulo_obligatorio:tipo_via
synthetic_traffic,968,nulo_obligatorio:tipo_via
synthetic_traffic,969,nulo_obligatorio:tipo_via
synthetic_traffic,970,nulo_obligatorio:tipo_via
synthetic_traffic,971,nulo_obligatorio:tipo_via
synthetic_traffic,972,nulo_obligatorio:tipo_via
synthetic_traffic,973,nulo_obligatorio:tipo_via
synthetic_traffic,974,nulo_obligatorio:tipo_via
synthetic_traffic,975,nulo_obligatorio:tipo_via
synthetic_traffic,976,nulo_obligatorio:tipo_via
synthetic_traffic,977,nulo_obligatorio:tipo_via
synthetic_traffic,978,nulo_obligatorio:tipo_via
synthetic_traffic,979,nulo_obligatorio:tipo_via
synthetic_traffic,980,nulo_obligatorio:tipo_via
synthetic_traffic,981,nulo_obligatorio:tipo_via
synthetic_traffic,982,nulo_obligatorio:tipo_via
synthetic_traffic,983,nulo_obligatorio:tipo_via
synthetic_traffic,984,nulo_obligatorio:tipo_via
synthetic_traffic,985,nulo_obligatorio:tipo_via
synthetic_traffic,986,nulo_obligatorio:tipo_via
synthetic_traffic,987,nulo_obligatorio:tipo_via
synthetic_traffic,988,nulo_obligatorio:tipo_via
synthetic_traffic,989,nulo_obligatorio:tipo_via
synthetic_traffic,990,nulo_obligatorio:tipo_via
synthetic_traffic,991,nulo_obligatorio:tipo_via
synthetic_traffic,992,nulo_obligatorio:tipo_via
synthetic_traffic,993,nulo_obligatorio:tipo_via
synthetic_traffic,994,nulo_obligatorio:tipo_via
synthetic_traffic,995,nulo_obligatorio:tipo_via
synthetic_traffic,996,nulo_obligatorio:tipo_via
synthetic_traffic,997,nulo_obligatorio:tipo_via
synthetic_traffic,998,nulo_obligatorio:tipo_via
synthetic_traffic,999,nulo_obligatorio:tipo_via
synthetic_traffic,1000,nulo_obligatorio:tipo_via
synthetic_traffic,1001,nulo_obligatorio:tipo_via
synthetic_traffic,1002,nulo_obligatorio:tipo_via
synthetic_traffic,1003,nulo_obligatorio:tipo_via
synthetic_traffic,1004,nulo_obligatorio:tipo_via
synthetic_traffic,1005,nulo_obligatorio:tipo_via
synthetic_traffic,1006,nulo_obligatorio:tipo_via
synthetic_traffic,1007,nulo_obligatorio:tipo_via
synthetic_traffic,1008,nulo_obligatorio:tipo_via
synthetic_traffic,1009,nulo_obligatorio:tipo_via
synthetic_traffic,1010,nulo_obligatorio:tipo_via
synthetic_traffic,1011,nulo_obligatorio:tipo_via
synthetic_traffic,1012,nulo_obligatorio:tipo_via
synthetic_traffic,1013,nulo_obligatorio:tipo_via
synthetic_traffic,1014,nulo_obligatorio:tipo_via
synthetic_traffic,1015,nulo_obligatorio:tipo_via
synthetic_traffic,1016,nulo_obligatorio:tipo_via
synthetic_traffic,1017,nulo_obligatorio:tipo_via
synthetic_traffic,1018,nulo_obligatorio:tipo_via
synthetic_traffic,1019,nulo_obligatorio:tipo_via
synthetic_traffic,1020,nulo_obligatorio:tipo_via
synthetic_traffic,1021,nulo_obligatorio:tipo_via
synthetic_traffic,1022,nulo_obligatorio:tipo_via
synthetic_traffic,1023,nulo_obligatorio:tipo_via
synthetic_traffic,1024,nulo_obligatorio:tipo_via
synthetic_traffic,1025,nulo_obligatorio:tipo_via
synthetic_traffic,1026,nulo_obligatorio:tipo_via
synthetic_traffic,1027,nulo_obligatorio:tipo_via
synthetic_traffic,1028,nulo_obligatorio:tipo_via
synthetic_traffic,1029,nulo_obligatorio:tipo_via
synthetic_traffic,1030,nulo_obligatorio:tipo_via
synthetic_traffic,1031,nulo_obligatorio:tipo_via
synthetic_traffic,1032,nulo_obligatorio:tipo_via
synthetic_traffic,1033,nulo_obligatorio:tipo_via
synthetic_traffic,1034,nulo_obligatorio:tipo_via
synthetic_traffic,1035,nulo_obligatorio:tipo_via
synthetic_traffic,1036,nulo_obligatorio:tipo_via
synthetic_traffic,1037,nulo_obligatorio:tipo_via
synthetic_traffic,1038,nulo_obligatorio:tipo_via
synthetic_traffic,1039,nulo_obligatorio:tipo_via
synthetic_traffic,1040,nulo_obligatorio:tipo_via
synthetic_traffic,1041,nulo_obligatorio:tipo_via
synthetic_traffic,1042,nulo_obligatorio:tipo_via
synthetic_traffic,1043,nulo_obligatorio:tipo_via
synthetic_traffic,1044,nulo_obligatorio:tipo_via
synthetic_traffic,1045,nulo_obligatorio:tipo_via
synthetic_traffic,1046,nulo_obligatorio:tipo_via
synthetic_traffic,1047,nulo_obligatorio:tipo_via
synthetic_traffic,1048,nulo_obligatorio:tipo_via
synthetic_traffic,1049,nulo_obligatorio:tipo_via
synthetic_traffic,1050,nulo_obligatorio:tipo_via
synthetic_traffic,1051,nulo_obligatorio:tipo_via
synthetic_traffic,1052,nulo_obligatorio:tipo_via
synthetic_traffic,1053,nulo_obligatorio:tipo_via
synthetic_traffic,1054,nulo_obligatorio:tipo_via
synthetic_traffic,1055,nulo_obligatorio:tipo_via
synthetic_traffic,1056,nulo_obligatorio:tipo_via
synthetic_traffic,1057,nulo_obligatorio:tipo_via
synthetic_traffic,1058,nulo_obligatorio:tipo_via
synthetic_traffic,1059,nulo_obligatorio:tipo_via
synthetic_traffic,1060,nulo_obligatorio:tipo_via
synthetic_traffic,1061,nulo_obligatorio:tipo_via
synthetic_traffic,1062,nulo_obligatorio:tipo_via
synthetic_traffic,1063,nulo_obligatorio:tipo_via
synthetic_traffic,1064,nulo_obligatorio:tipo_via
synthetic_traffic,1065,nulo_obligatorio:tipo_via
synthetic_traffic,1066,nulo_obligatorio:tipo_via
synthetic_traffic,1067,nulo_obligatorio:tipo_via
synthetic_traffic,1068,nulo_obligatorio:tipo_via
synthetic_traffic,1069,nulo_obligatorio:tipo_via
synthetic_traffic,1070,nulo_obligatorio:tipo_via
synthetic_traffic,1071,nulo_obligatorio:tipo_via
synthetic_traffic,1072,nulo_obligatorio:tipo_via
synthetic_traffic,1073,nulo_obligatorio:tipo_via
synthetic_traffic,1074,nulo_obligatorio:tipo_via
synthetic_traffic,1075,nulo_obligatorio:tipo_via
synthetic_traffic,1076,nulo_obligatorio:tipo_via
synthetic_traffic,1077,nulo_obligatorio:tipo_via
synthetic_traffic,1078,nulo_obligatorio:tipo_via
synthetic_traffic,1079,nulo_obligatorio:tipo_via
synthetic_traffic,1080,nulo_obligatorio:tipo_via
synthetic_traffic,1081,nulo_obligatorio:tipo_via
synthetic_traffic,1082,nulo_obligatorio:tipo_via
synthetic_traffic,1083,nulo_obligatorio:tipo_via
synthetic_traffic,1084,nulo_obligatorio:tipo_via
synthetic_traffic,1085,nulo_obligatorio:tipo_via
synthetic_traffic,1086,nulo_obligatorio:tipo_via
synthetic_traffic,1087,nulo_obligatorio:tipo_via
synthetic_traffic,1088,nulo_obligatorio:tipo_via
synthetic_traffic,1089,nulo_obligatorio:tipo_via
synthetic_traffic,1090,nulo_obligatorio:tipo_via
synthetic_traffic,1091,nulo_obligatorio:tipo_via
synthetic_traffic,1092,nulo_obligatorio:tipo_via
synthetic_traffic,1093,nulo_obligatorio:tipo_via
synthetic_traffic,1094,nulo_obligatorio:tipo_via
synthetic_traffic,1095,nulo_obligatorio:tipo_via
synthetic_traffic,1096,nulo_obligatorio:tipo_via
synthetic_traffic,1097,nulo_obligatorio:tipo_via
synthetic_traffic,1098,nulo_obligatorio:tipo_via
synthetic_traffic,1099,nulo_obligatorio:tipo_via
synthetic_traffic,1100,nulo_obligatorio:tipo_via
synthetic_traffic,1101,nulo_obligatorio:tipo_via
synthetic_traffic,1102,nulo_obligatorio:tipo_via
synthetic_traffic,1103,nulo_obligatorio:tipo_via
synthetic_traffic,1104,nulo_obligatorio:tipo_via
synthetic_traffic,1105,nulo_obligatorio:tipo_via
synthetic_traffic,1106,nulo_obligatorio:tipo_via
synthetic_traffic,1107,nulo_obligatorio:tipo_via
synthetic_traffic,1108,nulo_obligatorio:tipo_via
synthetic_traffic,1109,nulo_obligatorio:tipo_via
synthetic_traffic,1110,nulo_obligatorio:tipo_via
synthetic_traffic,1111,nulo_obligatorio:tipo_via
synthetic_traffic,1112,nulo_obligatorio:tipo_via
synthetic_traffic,1113,nulo_obligatorio:tipo_via
synthetic_traffic,1114,nulo_obligatorio:tipo_via
synthetic_traffic,1115,nulo_obligatorio:tipo_via
synthetic_traffic,1116,nulo_obligatorio:tipo_via
synthetic_traffic,1117,nulo_obligatorio:tipo_via
synthetic_traffic,1118,nulo_obligatorio:tipo_via
synthetic_traffic,1119,nulo_obligatorio:tipo_via
synthetic_traffic,1120,nulo_obligatorio:tipo_via
synthetic_traffic,1121,nulo_obligatorio:tipo_via
synthetic_traffic,1122,nulo_obligatorio:tipo_via
synthetic_traffic,1123,nulo_obligatorio:tipo_via
synthetic_traffic,1124,nulo_obligatorio:tipo_via
synthetic_traffic,1125,nulo_obligatorio:tipo_via
synthetic_traffic,1126,nulo_obligatorio:tipo_via
synthetic_traffic,1127,nulo_obligatorio:tipo_via
synthetic_traffic,1128,nulo_obligatorio:tipo_via
synthetic_traffic,1129,nulo_obligatorio:tipo_via
synthetic_traffic,1130,nulo_obligatorio:tipo_via
synthetic_traffic,1131,nulo_obligatorio:tipo_via
synthetic_traffic,1132,nulo_obligatorio:tipo_via
synthetic_traffic,1133,nulo_obligatorio:tipo_via
synthetic_traffic,1134,nulo_obligatorio:tipo_via
synthetic_traffic,1135,nulo_obligatorio:tipo_via
synthetic_traffic,1136,nulo_obligatorio:tipo_via
synthetic_traffic,1137,nulo_obligatorio:tipo_via
synthetic_traffic,1138,nulo_obligatorio:tipo_via
synthetic_traffic,1139,nulo_obligatorio:tipo_via
synthetic_traffic,1140,nulo_obligatorio:tipo_via
synthetic_traffic,1141,nulo_obligatorio:tipo_via
synthetic_traffic,1142,nulo_obligatorio:tipo_via
synthetic_traffic,1143,nulo_obligatorio:tipo_via
synthetic_traffic,1144,nulo_obligatorio:tipo_via
synthetic_traffic,1145,nulo_obligatorio:tipo_via
synthetic_traffic,1146,nulo_obligatorio:tipo_via
synthetic_traffic,1147,nulo_obligatorio:tipo_via
synthetic_traffic,1148,nulo_obligatorio:tipo_via
synthetic_traffic,1149,nulo_obligatorio:tipo_via
synthetic_traffic,1150,nulo_obligatorio:tipo_via
synthetic_traffic,1151,nulo_obligatorio:tipo_via
synthetic_traffic,1152,nulo_obligatorio:tipo_via
synthetic_traffic,1153,nulo_obligatorio:tipo_via
synthetic_traffic,1154,nulo_obligatorio:tipo_via
synthetic_traffic,1155,nulo_obligatorio:tipo_via
synthetic_traffic,1156,nulo_obligatorio:tipo_via
synthetic_traffic,1157,nulo_obligatorio:tipo_via
synthetic_traffic,1158,nulo_obligatorio:tipo_via
synthetic_traffic,1159,nulo_obligatorio:tipo_via
synthetic_traffic,1160,nulo_obligatorio:tipo_via
synthetic_traffic,1161,nulo_obligatorio:tipo_via
synthetic_traffic,1162,nulo_obligatorio:tipo_via
synthetic_traffic,1163,nulo_obligatorio:tipo_via
synthetic_traffic,1164,nulo_obligatorio:tipo_via
synthetic_traffic,1165,nulo_obligatorio:tipo_via
synthetic_traffic,1166,nulo_obligatorio:tipo_via
synthetic_traffic,1167,nulo_obligatorio:tipo_via
synthetic_traffic,1168,nulo_obligatorio:tipo_via
synthetic_traffic,1169,nulo_obligatorio:tipo_via
synthetic_traffic,1170,nulo_obligatorio:tipo_via
synthetic_traffic,1171,nulo_obligatorio:tipo_via
synthetic_traffic,1172,nulo_obligatorio:tipo_via
synthetic_traffic,1173,nulo_obligatorio:tipo_via
synthetic_traffic,1174,nulo_obligatorio:tipo_via
synthetic_traffic,1175,nulo_obligatorio:tipo_via
synthetic_traffic,1176,nulo_obligatorio:tipo_via
synthetic_traffic,1177,nulo_obligatorio:tipo_via
synthetic_traffic,1178,nulo_obligatorio:tipo_via
synthetic_traffic,1179,nulo_obligatorio:tipo_via
synthetic_traffic,1180,nulo_obligatorio:tipo_via
synthetic_traffic,1181,nulo_obligatorio:tipo_via
synthetic_traffic,1182,nulo_obligatorio:tipo_via
synthetic_traffic,1183,nulo_obligatorio:tipo_via
synthetic_traffic,1184,nulo_obligatorio:tipo_via
synthetic_traffic,1185,nulo_obligatorio:tipo_via
synthetic_traffic,1186,nulo_obligatorio:tipo_via
synthetic_traffic,1187,nulo_obligatorio:tipo_via
synthetic_traffic,1188,nulo_obligatorio:tipo_via
synthetic_traffic,1189,nulo_obligatorio:tipo_via
synthetic_traffic,1190,nulo_obligatorio:tipo_via
synthetic_traffic,1191,nulo_obligatorio:tipo_via
synthetic_traffic,1192,nulo_obligatorio:tipo_via
synthetic_traffic,1193,nulo_obligatorio:tipo_via
synthetic_traffic,1194,nulo_obligatorio:tipo_via
synthetic_traffic,1195,nulo_obligatorio:tipo_via
synthetic_traffic,1196,nulo_obligatorio:tipo_via
synthetic_traffic,1197,nulo_obligatorio:tipo_via
synthetic_traffic,1198,nulo_obligatorio:tipo_via
synthetic_traffic,1199,nulo_obligatorio:tipo_via
synthetic_traffic,1200,nulo_obligatorio:tipo_via
synthetic_traffic,1201,nulo_obligatorio:tipo_via
synthetic_traffic,1202,nulo_obligatorio:tipo_via
synthetic_traffic,1203,nulo_obligatorio:tipo_via
synthetic_traffic,1204,nulo_obligatorio:tipo_via
synthetic_traffic,1205,nulo_obligatorio:tipo_via
synthetic_traffic,1206,nulo_obligatorio:tipo_via
synthetic_traffic,1207,nulo_obligatorio:tipo_via
synthetic_traffic,1208,nulo_obligatorio:tipo_via
synthetic_traffic,1209,nulo_obligatorio:tipo_via
synthetic_traffic,1210,nulo_obligatorio:tipo_via
synthetic_traffic,1211,nulo_obligatorio:tipo_via
synthetic_traffic,1212,nulo_obligatorio:tipo_via
synthetic_traffic,1213,nulo_obligatorio:tipo_via
synthetic_traffic,1214,nulo_obligatorio:tipo_via
synthetic_traffic,1215,nulo_obligatorio:tipo_via
synthetic_traffic,1216,nulo_obligatorio:tipo_via
synthetic_traffic,1217,nulo_obligatorio:tipo_via
synthetic_traffic,1218,nulo_obligatorio:tipo_via
synthetic_traffic,1219,nulo_obligatorio:tipo_via
synthetic_traffic,1220,nulo_obligatorio:tipo_via
synthetic_traffic,1221,nulo_obligatorio:tipo_via
synthetic_traffic,1222,nulo_obligatorio:tipo_via
synthetic_traffic,1223,nulo_obligatorio:tipo_via
synthetic_traffic,1224,nulo_obligatorio:tipo_via
synthetic_traffic,1225,nulo_obligatorio:tipo_via
synthetic_traffic,1226,nulo_obligatorio:tipo_via
synthetic_traffic,1227,nulo_obligatorio:tipo_via
synthetic_traffic,1228,nulo_obligatorio:tipo_via
synthetic_traffic,1229,nulo_obligatorio:tipo_via
synthetic_traffic,1230,nulo_obligatorio:tipo_via
synthetic_traffic,1231,nulo_obligatorio:tipo_via
synthetic_traffic,1232,nulo_obligatorio:tipo_via
synthetic_traffic,1233,nulo_obligatorio:tipo_via
synthetic_traffic,1234,nulo_obligatorio:tipo_via
synthetic_traffic,1235,nulo_obligatorio:tipo_via
synthetic_traffic,1236,nulo_obligatorio:tipo_via
synthetic_traffic,1237,nulo_obligatorio:tipo_via
synthetic_traffic,1238,nulo_obligatorio:tipo_via
synthetic_traffic,1239,nulo_obligatorio:tipo_via
synthetic_traffic,1240,nulo_obligatorio:tipo_via
synthetic_traffic,1241,nulo_obligatorio:tipo_via
synthetic_traffic,1242,nulo_obligatorio:tipo_via
synthetic_traffic,1243,nulo_obligatorio:tipo_via
synthetic_traffic,1244,nulo_obligatorio:tipo_via
synthetic_traffic,1245,nulo_obligatorio:tipo_via
synthetic_traffic,1246,nulo_obligatorio:tipo_via
synthetic_traffic,1247,nulo_obligatorio:tipo_via
synthetic_traffic,1248,nulo_obligatorio:tipo_via
synthetic_traffic,1249,nulo_obligatorio:tipo_via
synthetic_traffic,1250,nulo_obligatorio:tipo_via
synthetic_traffic,1251,nulo_obligatorio:tipo_via
synthetic_traffic,1252,nulo_obligatorio:tipo_via
synthetic_traffic,1253,nulo_obligatorio:tipo_via
synthetic_traffic,1254,nulo_obligatorio:tipo_via
synthetic_traffic,1255,nulo_obligatorio:tipo_via
synthetic_traffic,1256,nulo_obligatorio:tipo_via
synthetic_traffic,1257,nulo_obligatorio:tipo_via
synthetic_traffic,1258,nulo_obligatorio:tipo_via
synthetic_traffic,1259,nulo_obligatorio:tipo_via
synthetic_traffic,1260,nulo_obligatorio:tipo_via
synthetic_traffic,1261,nulo_obligatorio:tipo_via
synthetic_traffic,1262,nulo_obligatorio:tipo_via
synthetic_traffic,1263,nulo_obligatorio:tipo_via
synthetic_traffic,1264,nulo_obligatorio:tipo_via
synthetic_traffic,1265,nulo_obligatorio:tipo_via
synthetic_traffic,1266,nulo_obligatorio:tipo_via
synthetic_traffic,1267,nulo_obligatorio:tipo_via
synthetic_traffic,1268,nulo_obligatorio:tipo_via
synthetic_traffic,1269,nulo_obligatorio:tipo_via
synthetic_traffic,1270,nulo_obligatorio:tipo_via
synthetic_traffic,1271,nulo_obligatorio:tipo_via
synthetic_traffic,1272,nulo_obligatorio:tipo_via
synthetic_traffic,1273,nulo_obligatorio:tipo_via
synthetic_traffic,1274,nulo_obligatorio:tipo_via
synthetic_traffic,1275,nulo_obligatorio:tipo_via
synthetic_traffic,1276,nulo_obligatorio:tipo_via
synthetic_traffic,1277,nulo_obligatorio:tipo_via
synthetic_traffic,1278,nulo_obligatorio:tipo_via
synthetic_traffic,1279,nulo_obligatorio:tipo_via
synthetic_traffic,1280,nulo_obligatorio:tipo_via
synthetic_traffic,1281,nulo_obligatorio:tipo_via
synthetic_traffic,1282,nulo_obligatorio:tipo_via
synthetic_traffic,1283,nulo_obligatorio:tipo_via
synthetic_traffic,1284,nulo_obligatorio:tipo_via
synthetic_traffic,1285,nulo_obligatorio:tipo_via
synthetic_traffic,1286,nulo_obligatorio:tipo_via
synthetic_traffic,1287,nulo_obligatorio:tipo_via
synthetic_traffic,1288,nulo_obligatorio:tipo_via
synthetic_traffic,1289,nulo_obligatorio:tipo_via
synthetic_traffic,1290,nulo_obligatorio:tipo_via
synthetic_traffic,1291,nulo_obligatorio:tipo_via
synthetic_traffic,1292,nulo_obligatorio:tipo_via
synthetic_traffic,1293,nulo_obligatorio:tipo_via
synthetic_traffic,1294,nulo_obligatorio:tipo_via
synthetic_traffic,1295,nulo_obligatorio:tipo_via
synthetic_traffic,1296,nulo_obligatorio:tipo_via
synthetic_traffic,1297,nulo_obligatorio:tipo_via
synthetic_traffic,1298,nulo_obligatorio:tipo_via
synthetic_traffic,1299,nulo_obligatorio:tipo_via
synthetic_traffic,1300,nulo_obligatorio:tipo_via
synthetic_traffic,1301,nulo_obligatorio:tipo_via
synthetic_traffic,1302,nulo_obligatorio:tipo_via
synthetic_traffic,1303,nulo_obligatorio:tipo_via
synthetic_traffic,1304,nulo_obligatorio:tipo_via
synthetic_traffic,1305,nulo_obligatorio:tipo_via
synthetic_traffic,1306,nulo_obligatorio:tipo_via
synthetic_traffic,1307,nulo_obligatorio:tipo_via
synthetic_traffic,1308,nulo_obligatorio:tipo_via
synthetic_traffic,1309,nulo_obligatorio:tipo_via
synthetic_traffic,1310,nulo_obligatorio:tipo_via
synthetic_traffic,1311,nulo_obligatorio:tipo_via
synthetic_traffic,1312,nulo_obligatorio:tipo_via
synthetic_traffic,1313,nulo_obligatorio:tipo_via
synthetic_traffic,1314,nulo_obligatorio:tipo_via
synthetic_traffic,1315,nulo_obligatorio:tipo_via
synthetic_traffic,1316,nulo_obligatorio:tipo_via
synthetic_traffic,1317,nulo_obligatorio:tipo_via
synthetic_traffic,1318,nulo_obligatorio:tipo_via
synthetic_traffic,1319,nulo_obligatorio:tipo_via
synthetic_traffic,1320,nulo_obligatorio:tipo_via
synthetic_traffic,1321,nulo_obligatorio:tipo_via
synthetic_traffic,1322,nulo_obligatorio:tipo_via
synthetic_traffic,1323,nulo_obligatorio:tipo_via
synthetic_traffic,1324,nulo_obligatorio:tipo_via
synthetic_traffic,1325,nulo_obligatorio:tipo_via
synthetic_traffic,1326,nulo_obligatorio:tipo_via
synthetic_traffic,1327,nulo_obligatorio:tipo_via
synthetic_traffic,1328,nulo_obligatorio:tipo_via
synthetic_traffic,1329,nulo_obligatorio:tipo_via
synthetic_traffic,1330,nulo_obligatorio:tipo_via
synthetic_traffic,1331,nulo_obligatorio:tipo_via
synthetic_traffic,1332,nulo_obligatorio:tipo_via
synthetic_traffic,1333,nulo_obligatorio:tipo_via
synthetic_traffic,1334,nulo_obligatorio:tipo_via
synthetic_traffic,1335,nulo_obligatorio:tipo_via
synthetic_traffic,1336,nulo_obligatorio:tipo_via
synthetic_traffic,1337,nulo_obligatorio:tipo_via
synthetic_traffic,1338,nulo_obligatorio:tipo_via
synthetic_traffic,1339,nulo_obligatorio:tipo_via
synthetic_traffic,1340,nulo_obligatorio:tipo_via
synthetic_traffic,1341,nulo_obligatorio:tipo_via
synthetic_traffic,1342,nulo_obligatorio:tipo_via
synthetic_traffic,1343,nulo_obligatorio:tipo_via
synthetic_traffic,1344,nulo_obligatorio:tipo_via
synthetic_traffic,1345,nulo_obligatorio:tipo_via
synthetic_traffic,1346,nulo_obligatorio:tipo_via
synthetic_traffic,1347,nulo_obligatorio:tipo_via
synthetic_traffic,1348,nulo_obligatorio:tipo_via
synthetic_traffic,1349,nulo_obligatorio:tipo_via
synthetic_traffic,1350,nulo_obligatorio:tipo_via
synthetic_traffic,1351,nulo_obligatorio:tipo_via
synthetic_traffic,1352,nulo_obligatorio:tipo_via
synthetic_traffic,1353,nulo_obligatorio:tipo_via
synthetic_traffic,1354,nulo_obligatorio:tipo_via
synthetic_traffic,1355,nulo_obligatorio:tipo_via
synthetic_traffic,1356,nulo_obligatorio:tipo_via
synthetic_traffic,1357,nulo_obligatorio:tipo_via
synthetic_traffic,1358,nulo_obligatorio:tipo_via
synthetic_traffic,1359,nulo_obligatorio:tipo_via
synthetic_traffic,1360,nulo_obligatorio:tipo_via
synthetic_traffic,1361,nulo_obligatorio:tipo_via
synthetic_traffic,1362,nulo_obligatorio:tipo_via
synthetic_traffic,1363,nulo_obligatorio:tipo_via
synthetic_traffic,1364,nulo_obligatorio:tipo_via
synthetic_traffic,1365,nulo_obligatorio:tipo_via
synthetic_traffic,1366,nulo_obligatorio:tipo_via
synthetic_traffic,1367,nulo_obligatorio:tipo_via
synthetic_traffic,1368,nulo_obligatorio:tipo_via
synthetic_traffic,1369,nulo_obligatorio:tipo_via
synthetic_traffic,1370,nulo_obligatorio:tipo_via
synthetic_traffic,1371,nulo_obligatorio:tipo_via
synthetic_traffic,1372,nulo_obligatorio:tipo_via
synthetic_traffic,1373,nulo_obligatorio:tipo_via
synthetic_traffic,1374,nulo_obligatorio:tipo_via
synthetic_traffic,1375,nulo_obligatorio:tipo_via
synthetic_traffic,1376,nulo_obligatorio:tipo_via
synthetic_traffic,1377,nulo_obligatorio:tipo_via
synthetic_traffic,1378,nulo_obligatorio:tipo_via
synthetic_traffic,1379,nulo_obligatorio:tipo_via
synthetic_traffic,1380,nulo_obligatorio:tipo_via
synthetic_traffic,1381,nulo_obligatorio:tipo_via
synthetic_traffic,1382,nulo_obligatorio:tipo_via
synthetic_traffic,1383,nulo_obligatorio:tipo_via
synthetic_traffic,1384,nulo_obligatorio:tipo_via
synthetic_traffic,1385,nulo_obligatorio:tipo_via
synthetic_traffic,1386,nulo_obligatorio:tipo_via
synthetic_traffic,1387,nulo_obligatorio:tipo_via
synthetic_traffic,1388,nulo_obligatorio:tipo_via
synthetic_traffic,1389,nulo_obligatorio:tipo_via
synthetic_traffic,1390,nulo_obligatorio:tipo_via
synthetic_traffic,1391,nulo_obligatorio:tipo_via
synthetic_traffic,1392,nulo_obligatorio:tipo_via
synthetic_traffic,1393,nulo_obligatorio:tipo_via
synthetic_traffic,1394,nulo_obligatorio:tipo_via
synthetic_traffic,1395,nulo_obligatorio:tipo_via
synthetic_traffic,1396,nulo_obligatorio:tipo_via
synthetic_traffic,1397,nulo_obligatorio:tipo_via
synthetic_traffic,1398,nulo_obligatorio:tipo_via
synthetic_traffic,1399,nulo_obligatorio:tipo_via
synthetic_traffic,1400,nulo_obligatorio:tipo_via
synthetic_traffic,1401,nulo_obligatorio:tipo_via
synthetic_traffic,1402,nulo_obligatorio:tipo_via
synthetic_traffic,1403,nulo_obligatorio:tipo_via
synthetic_traffic,1404,nulo_obligatorio:tipo_via
synthetic_traffic,1405,nulo_obligatorio:tipo_via
synthetic_traffic,1406,nulo_obligatorio:tipo_via
synthetic_traffic,1407,nulo_obligatorio:tipo_via
synthetic_traffic,1408,nulo_obligatorio:tipo_via
synthetic_traffic,1409,nulo_obligatorio:tipo_via
synthetic_traffic,1410,nulo_obligatorio:tipo_via
synthetic_traffic,1411,nulo_obligatorio:tipo_via
synthetic_traffic,1412,nulo_obligatorio:tipo_via
synthetic_traffic,1413,nulo_obligatorio:tipo_via
synthetic_traffic,1414,nulo_obligatorio:tipo_via
synthetic_traffic,1415,nulo_obligatorio:tipo_via
synthetic_traffic,1416,nulo_obligatorio:tipo_via
synthetic_traffic,1417,nulo_obligatorio:tipo_via
synthetic_traffic,1418,nulo_obligatorio:tipo_via
synthetic_traffic,1419,nulo_obligatorio:tipo_via
synthetic_traffic,1420,nulo_obligatorio:tipo_via
synthetic_traffic,1421,nulo_obligatorio:tipo_via
synthetic_traffic,1422,nulo_obligatorio:tipo_via
synthetic_traffic,1423,nulo_obligatorio:tipo_via
synthetic_traffic,1424,nulo_obligatorio:tipo_via
synthetic_traffic,1425,nulo_obligatorio:tipo_via
synthetic_traffic,1426,nulo_obligatorio:tipo_via
synthetic_traffic,1427,nulo_obligatorio:tipo_via
synthetic_traffic,1428,nulo_obligatorio:tipo_via
synthetic_traffic,1429,nulo_obligatorio:tipo_via
synthetic_traffic,1430,nulo_obligatorio:tipo_via
synthetic_traffic,1431,nulo_obligatorio:tipo_via
synthetic_traffic,1432,nulo_obligatorio:tipo_via
synthetic_traffic,1433,nulo_obligatorio:tipo_via
synthetic_traffic,1434,nulo_obligatorio:tipo_via
synthetic_traffic,1435,nulo_obligatorio:tipo_via
synthetic_traffic,1436,nulo_obligatorio:tipo_via
synthetic_traffic,1437,nulo_obligatorio:tipo_via
synthetic_traffic,1438,nulo_obligatorio:tipo_via
synthetic_traffic,1439,nulo_obligatorio:tipo_via
synthetic_traffic,1440,nulo_obligatorio:tipo_via
synthetic_traffic,1441,nulo_obligatorio:tipo_via
synthetic_traffic,1442,nulo_obligatorio:tipo_via
synthetic_traffic,1443,nulo_obligatorio:tipo_via
synthetic_traffic,1444,nulo_obligatorio:tipo_via
synthetic_traffic,1445,nulo_obligatorio:tipo_via
synthetic_traffic,1446,nulo_obligatorio:tipo_via
synthetic_traffic,1447,nulo_obligatorio:tipo_via
synthetic_traffic,1448,nulo_obligatorio:tipo_via
synthetic_traffic,1449,nulo_obligatorio:tipo_via
synthetic_traffic,1450,nulo_obligatorio:tipo_via
synthetic_traffic,1451,nulo_obligatorio:tipo_via
synthetic_traffic,1452,nulo_obligatorio:tipo_via
synthetic_traffic,1453,nulo_obligatorio:tipo_via
synthetic_traffic,1454,nulo_obligatorio:tipo_via
synthetic_traffic,1455,nulo_obligatorio:tipo_via
synthetic_traffic,1456,nulo_obligatorio:tipo_via
synthetic_traffic,1457,nulo_obligatorio:tipo_via
synthetic_traffic,1458,nulo_obligatorio:tipo_via
synthetic_traffic,1459,nulo_obligatorio:tipo_via
synthetic_traffic,1460,nulo_obligatorio:tipo_via
synthetic_traffic,1461,nulo_obligatorio:tipo_via
synthetic_traffic,1462,nulo_obligatorio:tipo_via
synthetic_traffic,1463,nulo_obligatorio:tipo_via
synthetic_traffic,1464,nulo_obligatorio:tipo_via
synthetic_traffic,1465,nulo_obligatorio:tipo_via
synthetic_traffic,1466,nulo_obligatorio:tipo_via
synthetic_traffic,1467,nulo_obligatorio:tipo_via
synthetic_traffic,1468,nulo_obligatorio:tipo_via
synthetic_traffic,1469,nulo_obligatorio:tipo_via
synthetic_traffic,1470,nulo_obligatorio:tipo_via
synthetic_traffic,1471,nulo_obligatorio:tipo_via
synthetic_traffic,1472,nulo_obligatorio:tipo_via
synthetic_traffic,1473,nulo_obligatorio:tipo_via
synthetic_traffic,1474,nulo_obligatorio:tipo_via
synthetic_traffic,1475,nulo_obligatorio:tipo_via
synthetic_traffic,1476,nulo_obligatorio:tipo_via
synthetic_traffic,1477,nulo_obligatorio:tipo_via
synthetic_traffic,1478,nulo_obligatorio:tipo_via
synthetic_traffic,1479,nulo_obligatorio:tipo_via
synthetic_traffic,1480,nulo_obligatorio:tipo_via
synthetic_traffic,1481,nulo_obligatorio:tipo_via
synthetic_traffic,1482,nulo_obligatorio:tipo_via
synthetic_traffic,1483,nulo_obligatorio:tipo_via
synthetic_traffic,1484,nulo_obligatorio:tipo_via
synthetic_traffic,1485,nulo_obligatorio:tipo_via
synthetic_traffic,1486,nulo_obligatorio:tipo_via
synthetic_traffic,1487,nulo_obligatorio:tipo_via
synthetic_traffic,1488,nulo_obligatorio:tipo_via
synthetic_traffic,1489,nulo_obligatorio:tipo_via
synthetic_traffic,1490,nulo_obligatorio:tipo_via
synthetic_traffic,1491,nulo_obligatorio:tipo_via
synthetic_traffic,1492,nulo_obligatorio:tipo_via
synthetic_traffic,1493,nulo_obligatorio:tipo_via
synthetic_traffic,1494,nulo_obligatorio:tipo_via
synthetic_traffic,1495,nulo_obligatorio:tipo_via
synthetic_traffic,1496,nulo_obligatorio:tipo_via
synthetic_traffic,1497,nulo_obligatorio:tipo_via
synthetic_traffic,1498,nulo_obligatorio:tipo_via
synthetic_traffic,1499,nulo_obligatorio:tipo_via
synthetic_traffic,1500,nulo_obligatorio:tipo_via
synthetic_traffic,1501,nulo_obligatorio:tipo_via
synthetic_traffic,1502,nulo_obligatorio:tipo_via
synthetic_traffic,1503,nulo_obligatorio:tipo_via
synthetic_traffic,1504,nulo_obligatorio:tipo_via
synthetic_traffic,1505,nulo_obligatorio:tipo_via
synthetic_traffic,1506,nulo_obligatorio:tipo_via
synthetic_traffic,1507,nulo_obligatorio:tipo_via
synthetic_traffic,1508,nulo_obligatorio:tipo_via
synthetic_traffic,1509,nulo_obligatorio:tipo_via
synthetic_traffic,1510,nulo_obligatorio:tipo_via
synthetic_traffic,1511,nulo_obligatorio:tipo_via
synthetic_traffic,1512,nulo_obligatorio:tipo_via
synthetic_traffic,1513,nulo_obligatorio:tipo_via
synthetic_traffic,1514,nulo_obligatorio:tipo_via
synthetic_traffic,1515,nulo_obligatorio:tipo_via
synthetic_traffic,1516,nulo_obligatorio:tipo_via
synthetic_traffic,1517,nulo_obligatorio:tipo_via
synthetic_traffic,1518,nulo_obligatorio:tipo_via
synthetic_traffic,1519,nulo_obligatorio:tipo_via
synthetic_traffic,1520,nulo_obligatorio:tipo_via
synthetic_traffic,1521,nulo_obligatorio:tipo_via
synthetic_traffic,1522,nulo_obligatorio:tipo_via
synthetic_traffic,1523,nulo_obligatorio:tipo_via
synthetic_traffic,1524,nulo_obligatorio:tipo_via
synthetic_traffic,1525,nulo_obligatorio:tipo_via
synthetic_traffic,1526,nulo_obligatorio:tipo_via
synthetic_traffic,1527,nulo_obligatorio:tipo_via
synthetic_traffic,1528,nulo_obligatorio:tipo_via
synthetic_traffic,1529,nulo_obligatorio:tipo_via
synthetic_traffic,1530,nulo_obligatorio:tipo_via
synthetic_traffic,1531,nulo_obligatorio:tipo_via
synthetic_traffic,1532,nulo_obligatorio:tipo_via
synthetic_traffic,1533,nulo_obligatorio:tipo_via
synthetic_traffic,1534,nulo_obligatorio:tipo_via
synthetic_traffic,1535,nulo_obligatorio:tipo_via
synthetic_traffic,1536,nulo_obligatorio:tipo_via
synthetic_traffic,1537,nulo_obligatorio:tipo_via
synthetic_traffic,1538,nulo_obligatorio:tipo_via
synthetic_traffic,1539,nulo_obligatorio:tipo_via
synthetic_traffic,1540,nulo_obligatorio:tipo_via
synthetic_traffic,1541,nulo_obligatorio:tipo_via
synthetic_traffic,1542,nulo_obligatorio:tipo_via
synthetic_traffic,1543,nulo_obligatorio:tipo_via
synthetic_traffic,1544,nulo_obligatorio:tipo_via
synthetic_traffic,1545,nulo_obligatorio:tipo_via
synthetic_traffic,1546,nulo_obligatorio:tipo_via
synthetic_traffic,1547,nulo_obligatorio:tipo_via
synthetic_traffic,1548,nulo_obligatorio:tipo_via
synthetic_traffic,1549,nulo_obligatorio:tipo_via
synthetic_traffic,1550,nulo_obligatorio:tipo_via
synthetic_traffic,1551,nulo_obligatorio:tipo_via
synthetic_traffic,1552,nulo_obligatorio:tipo_via
synthetic_traffic,1553,nulo_obligatorio:tipo_via
synthetic_traffic,1554,nulo_obligatorio:tipo_via
synthetic_traffic,1555,nulo_obligatorio:tipo_via
synthetic_traffic,1556,nulo_obligatorio:tipo_via
synthetic_traffic,1557,nulo_obligatorio:tipo_via
synthetic_traffic,1558,nulo_obligatorio:tipo_via
synthetic_traffic,1559,nulo_obligatorio:tipo_via
synthetic_traffic,1560,nulo_obligatorio:tipo_via
synthetic_traffic,1561,nulo_obligatorio:tipo_via
synthetic_traffic,1562,nulo_obligatorio:tipo_via
synthetic_traffic,1563,nulo_obligatorio:tipo_via
synthetic_traffic,1564,nulo_obligatorio:tipo_via
synthetic_traffic,1565,nulo_obligatorio:tipo_via
synthetic_traffic,1566,nulo_obligatorio:tipo_via
synthetic_traffic,1567,nulo_obligatorio:tipo_via
synthetic_traffic,1568,nulo_obligatorio:tipo_via
synthetic_traffic,1569,nulo_obligatorio:tipo_via
synthetic_traffic,1570,nulo_obligatorio:tipo_via
synthetic_traffic,1571,nulo_obligatorio:tipo_via
synthetic_traffic,1572,nulo_obligatorio:tipo_via
synthetic_traffic,1573,nulo_obligatorio:tipo_via
synthetic_traffic,1574,nulo_obligatorio:tipo_via
synthetic_traffic,1575,nulo_obligatorio:tipo_via
synthetic_traffic,1576,nulo_obligatorio:tipo_via
synthetic_traffic,1577,nulo_obligatorio:tipo_via
synthetic_traffic,1578,nulo_obligatorio:tipo_via
synthetic_traffic,1579,nulo_obligatorio:tipo_via
synthetic_traffic,1580,nulo_obligatorio:tipo_via
synthetic_traffic,1581,nulo_obligatorio:tipo_via
synthetic_traffic,1582,nulo_obligatorio:tipo_via
synthetic_traffic,1583,nulo_obligatorio:tipo_via
synthetic_traffic,1584,nulo_obligatorio:tipo_via
synthetic_traffic,1585,nulo_obligatorio:tipo_via
synthetic_traffic,1586,nulo_obligatorio:tipo_via
synthetic_traffic,1587,nulo_obligatorio:tipo_via
synthetic_traffic,1588,nulo_obligatorio:tipo_via
synthetic_traffic,1589,nulo_obligatorio:tipo_via
synthetic_traffic,1590,nulo_obligatorio:tipo_via
synthetic_traffic,1591,nulo_obligatorio:tipo_via
synthetic_traffic,1592,nulo_obligatorio:tipo_via
synthetic_traffic,1593,nulo_obligatorio:tipo_via
synthetic_traffic,1594,nulo_obligatorio:tipo_via
synthetic_traffic,1595,nulo_obligatorio:tipo_via
synthetic_traffic,1596,nulo_obligatorio:tipo_via
synthetic_traffic,1597,nulo_obligatorio:tipo_via
synthetic_traffic,1598,nulo_obligatorio:tipo_via
synthetic_traffic,1599,nulo_obligatorio:tipo_via
synthetic_traffic,1600,nulo_obligatorio:tipo_via
synthetic_traffic,1601,nulo_obligatorio:tipo_via
synthetic_traffic,1602,nulo_obligatorio:tipo_via
synthetic_traffic,1603,nulo_obligatorio:tipo_via
synthetic_traffic,1604,nulo_obligatorio:tipo_via
synthetic_traffic,1605,nulo_obligatorio:tipo_via
synthetic_traffic,1606,nulo_obligatorio:tipo_via
synthetic_traffic,1607,nulo_obligatorio:tipo_via
synthetic_traffic,1608,nulo_obligatorio:tipo_via
synthetic_traffic,1609,nulo_obligatorio:tipo_via
synthetic_traffic,1610,nulo_obligatorio:tipo_via
synthetic_traffic,1611,nulo_obligatorio:tipo_via
synthetic_traffic,1612,nulo_obligatorio:tipo_via
synthetic_traffic,1613,nulo_obligatorio:tipo_via
synthetic_traffic,1614,nulo_obligatorio:tipo_via
synthetic_traffic,1615,nulo_obligatorio:tipo_via
synthetic_traffic,1616,nulo_obligatorio:tipo_via
synthetic_traffic,1617,nulo_obligatorio:tipo_via
synthetic_traffic,1618,nulo_obligatorio:tipo_via
synthetic_traffic,1619,nulo_obligatorio:tipo_via
synthetic_traffic,1620,nulo_obligatorio:tipo_via
synthetic_traffic,1621,nulo_obligatorio:tipo_via
synthetic_traffic,1622,nulo_obligatorio:tipo_via
synthetic_traffic,1623,nulo_obligatorio:tipo_via
synthetic_traffic,1624,nulo_obligatorio:tipo_via
synthetic_traffic,1625,nulo_obligatorio:tipo_via
synthetic_traffic,1626,nulo_obligatorio:tipo_via
synthetic_traffic,1627,nulo_obligatorio:tipo_via
synthetic_traffic,1628,nulo_obligatorio:tipo_via
synthetic_traffic,1629,nulo_obligatorio:tipo_via
synthetic_traffic,1630,nulo_obligatorio:tipo_via
synthetic_traffic,1631,nulo_obligatorio:tipo_via
synthetic_traffic,1632,nulo_obligatorio:tipo_via
synthetic_traffic,1633,nulo_obligatorio:tipo_via
synthetic_traffic,1634,nulo_obligatorio:tipo_via
synthetic_traffic,1635,nulo_obligatorio:tipo_via
synthetic_traffic,1636,nulo_obligatorio:tipo_via
synthetic_traffic,1637,nulo_obligatorio:tipo_via
synthetic_traffic,1638,nulo_obligatorio:tipo_via
synthetic_traffic,1639,nulo_obligatorio:tipo_via
synthetic_traffic,1640,nulo_obligatorio:tipo_via
synthetic_traffic,1641,nulo_obligatorio:tipo_via
synthetic_traffic,1642,nulo_obligatorio:tipo_via
synthetic_traffic,1643,nulo_obligatorio:tipo_via
synthetic_traffic,1644,nulo_obligatorio:tipo_via
synthetic_traffic,1645,nulo_obligatorio:tipo_via
synthetic_traffic,1646,nulo_obligatorio:tipo_via
synthetic_traffic,1647,nulo_obligatorio:tipo_via
synthetic_traffic,1648,nulo_obligatorio:tipo_via
synthetic_traffic,1649,nulo_obligatorio:tipo_via
synthetic_traffic,1650,nulo_obligatorio:tipo_via
synthetic_traffic,1651,nulo_obligatorio:tipo_via
synthetic_traffic,1652,nulo_obligatorio:tipo_via
synthetic_traffic,1653,nulo_obligatorio:tipo_via
synthetic_traffic,1654,nulo_obligatorio:tipo_via
synthetic_traffic,1655,nulo_obligatorio:tipo_via
synthetic_traffic,1656,nulo_obligatorio:tipo_via
synthetic_traffic,1657,nulo_obligatorio:tipo_via
synthetic_traffic,1658,nulo_obligatorio:tipo_via
synthetic_traffic,1659,nulo_obligatorio:tipo_via
synthetic_traffic,1660,nulo_obligatorio:tipo_via
synthetic_traffic,1661,nulo_obligatorio:tipo_via
synthetic_traffic,1662,nulo_obligatorio:tipo_via
synthetic_traffic,1663,nulo_obligatorio:tipo_via
synthetic_traffic,1664,nulo_obligatorio:tipo_via
synthetic_traffic,1665,nulo_obligatorio:tipo_via
synthetic_traffic,1666,nulo_obligatorio:tipo_via
synthetic_traffic,1667,nulo_obligatorio:tipo_via
synthetic_traffic,1668,nulo_obligatorio:tipo_via
synthetic_traffic,1669,nulo_obligatorio:tipo_via
synthetic_traffic,1670,nulo_obligatorio:tipo_via
synthetic_traffic,1671,nulo_obligatorio:tipo_via
synthetic_traffic,1672,nulo_obligatorio:tipo_via
synthetic_traffic,1673,nulo_obligatorio:tipo_via
synthetic_traffic,1674,nulo_obligatorio:tipo_via
synthetic_traffic,1675,nulo_obligatorio:tipo_via
synthetic_traffic,1676,nulo_obligatorio:tipo_via
synthetic_traffic,1677,nulo_obligatorio:tipo_via
synthetic_traffic,1678,nulo_obligatorio:tipo_via
synthetic_traffic,1679,nulo_obligatorio:tipo_via
synthetic_traffic,1680,nulo_obligatorio:tipo_via
synthetic_traffic,1681,nulo_obligatorio:tipo_via
synthetic_traffic,1682,nulo_obligatorio:tipo_via
synthetic_traffic,1683,nulo_obligatorio:tipo_via
synthetic_traffic,1684,nulo_obligatorio:tipo_via
synthetic_traffic,1685,nulo_obligatorio:tipo_via
synthetic_traffic,1686,nulo_obligatorio:tipo_via
synthetic_traffic,1687,nulo_obligatorio:tipo_via
synthetic_traffic,1688,nulo_obligatorio:tipo_via
synthetic_traffic,1689,nulo_obligatorio:tipo_via
synthetic_traffic,1690,nulo_obligatorio:tipo_via
synthetic_traffic,1691,nulo_obligatorio:tipo_via
synthetic_traffic,1692,nulo_obligatorio:tipo_via
synthetic_traffic,1693,nulo_obligatorio:tipo_via
synthetic_traffic,1694,nulo_obligatorio:tipo_via
synthetic_traffic,1695,nulo_obligatorio:tipo_via
synthetic_traffic,1696,nulo_obligatorio:tipo_via
synthetic_traffic,1697,nulo_obligatorio:tipo_via
synthetic_traffic,1698,nulo_obligatorio:tipo_via
synthetic_traffic,1699,nulo_obligatorio:tipo_via
synthetic_traffic,1700,nulo_obligatorio:tipo_via
synthetic_traffic,1701,nulo_obligatorio:tipo_via
synthetic_traffic,1702,nulo_obligatorio:tipo_via
synthetic_traffic,1703,nulo_obligatorio:tipo_via
synthetic_traffic,1704,nulo_obligatorio:tipo_via
synthetic_traffic,1705,nulo_obligatorio:tipo_via
synthetic_traffic,1706,nulo_obligatorio:tipo_via
synthetic_traffic,1707,nulo_obligatorio:tipo_via
synthetic_traffic,1708,nulo_obligatorio:tipo_via
synthetic_traffic,1709,nulo_obligatorio:tipo_via
synthetic_traffic,1710,nulo_obligatorio:tipo_via
synthetic_traffic,1711,nulo_obligatorio:tipo_via
synthetic_traffic,1712,nulo_obligatorio:tipo_via
synthetic_traffic,1713,nulo_obligatorio:tipo_via
synthetic_traffic,1714,nulo_obligatorio:tipo_via
synthetic_traffic,1715,nulo_obligatorio:tipo_via
synthetic_traffic,1716,nulo_obligatorio:tipo_via
synthetic_traffic,1717,nulo_obligatorio:tipo_via
synthetic_traffic,1718,nulo_obligatorio:tipo_via
synthetic_traffic,1719,nulo_obligatorio:tipo_via
synthetic_traffic,1720,nulo_obligatorio:tipo_via
synthetic_traffic,1721,nulo_obligatorio:tipo_via
synthetic_traffic,1722,nulo_obligatorio:tipo_via
synthetic_traffic,1723,nulo_obligatorio:tipo_via
synthetic_traffic,1724,nulo_obligatorio:tipo_via
synthetic_traffic,1725,nulo_obligatorio:tipo_via
synthetic_traffic,1726,nulo_obligatorio:tipo_via
synthetic_traffic,1727,nulo_obligatorio:tipo_via
synthetic_traffic,1728,nulo_obligatorio:tipo_via
synthetic_traffic,1729,nulo_obligatorio:tipo_via
synthetic_traffic,1730,nulo_obligatorio:tipo_via
synthetic_traffic,1731,nulo_obligatorio:tipo_via
synthetic_traffic,1732,nulo_obligatorio:tipo_via
synthetic_traffic,1733,nulo_obligatorio:tipo_via
synthetic_traffic,1734,nulo_obligatorio:tipo_via
synthetic_traffic,1735,nulo_obligatorio:tipo_via
synthetic_traffic,1736,nulo_obligatorio:tipo_via
synthetic_traffic,1737,nulo_obligatorio:tipo_via
synthetic_traffic,1738,nulo_obligatorio:tipo_via
synthetic_traffic,1739,nulo_obligatorio:tipo_via
synthetic_traffic,1740,nulo_obligatorio:tipo_via
synthetic_traffic,1741,nulo_obligatorio:tipo_via
synthetic_traffic,1742,nulo_obligatorio:tipo_via
synthetic_traffic,1743,nulo_obligatorio:tipo_via
synthetic_traffic,1744,nulo_obligatorio:tipo_via
synthetic_traffic,1745,nulo_obligatorio:tipo_via
synthetic_traffic,1746,nulo_obligatorio:tipo_via
synthetic_traffic,1747,nulo_obligatorio:tipo_via
synthetic_traffic,1748,nulo_obligatorio:tipo_via
synthetic_traffic,1749,nulo_obligatorio:tipo_via
synthetic_traffic,1750,nulo_obligatorio:tipo_via
synthetic_traffic,1751,nulo_obligatorio:tipo_via
synthetic_traffic,1752,nulo_obligatorio:tipo_via
synthetic_traffic,1753,nulo_obligatorio:tipo_via
synthetic_traffic,1754,nulo_obligatorio:tipo_via
synthetic_traffic,1755,nulo_obligatorio:tipo_via
synthetic_traffic,1756,nulo_obligatorio:tipo_via
synthetic_traffic,1757,nulo_obligatorio:tipo_via
synthetic_traffic,1758,nulo_obligatorio:tipo_via
synthetic_traffic,1759,nulo_obligatorio:tipo_via
synthetic_traffic,1760,nulo_obligatorio:tipo_via
synthetic_traffic,1761,nulo_obligatorio:tipo_via
synthetic_traffic,1762,nulo_obligatorio:tipo_via
synthetic_traffic,1763,nulo_obligatorio:tipo_via
synthetic_traffic,1764,nulo_obligatorio:tipo_via
synthetic_traffic,1765,nulo_obligatorio:tipo_via
synthetic_traffic,1766,nulo_obligatorio:tipo_via
synthetic_traffic,1767,nulo_obligatorio:tipo_via
synthetic_traffic,1768,nulo_obligatorio:tipo_via
synthetic_traffic,1769,nulo_obligatorio:tipo_via
synthetic_traffic,1770,nulo_obligatorio:tipo_via
synthetic_traffic,1771,nulo_obligatorio:tipo_via
synthetic_traffic,1772,nulo_obligatorio:tipo_via
synthetic_traffic,1773,nulo_obligatorio:tipo_via
synthetic_traffic,1774,nulo_obligatorio:tipo_via
synthetic_traffic,1775,nulo_obligatorio:tipo_via
synthetic_traffic,1776,nulo_obligatorio:tipo_via
synthetic_traffic,1777,nulo_obligatorio:tipo_via
synthetic_traffic,1778,nulo_obligatorio:tipo_via
synthetic_traffic,1779,nulo_obligatorio:tipo_via
synthetic_traffic,1780,nulo_obligatorio:tipo_via
synthetic_traffic,1781,nulo_obligatorio:tipo_via
synthetic_traffic,1782,nulo_obligatorio:tipo_via
synthetic_traffic,1783,nulo_obligatorio:tipo_via
synthetic_traffic,1784,nulo_obligatorio:tipo_via
synthetic_traffic,1785,nulo_obligatorio:tipo_via
synthetic_traffic,1786,nulo_obligatorio:tipo_via
synthetic_traffic,1787,nulo_obligatorio:tipo_via
synthetic_traffic,1788,nulo_obligatorio:tipo_via
synthetic_traffic,1789,nulo_obligatorio:tipo_via
synthetic_traffic,1790,nulo_obligatorio:tipo_via
synthetic_traffic,1791,nulo_obligatorio:tipo_via
synthetic_traffic,1792,nulo_obligatorio:tipo_via
synthetic_traffic,1793,nulo_obligatorio:tipo_via
synthetic_traffic,1794,nulo_obligatorio:tipo_via
synthetic_traffic,1795,nulo_obligatorio:tipo_via
synthetic_traffic,1796,nulo_obligatorio:tipo_via
synthetic_traffic,1797,nulo_obligatorio:tipo_via
synthetic_traffic,1798,nulo_obligatorio:tipo_via
synthetic_traffic,1799,nulo_obligatorio:tipo_via
synthetic_traffic,1800,nulo_obligatorio:tipo_via
synthetic_traffic,1801,nulo_obligatorio:tipo_via
synthetic_traffic,1802,nulo_obligatorio:tipo_via
synthetic_traffic,1803,nulo_obligatorio:tipo_via
synthetic_traffic,1804,nulo_obligatorio:tipo_via
synthetic_traffic,1805,nulo_obligatorio:tipo_via
synthetic_traffic,1806,nulo_obligatorio:tipo_via
synthetic_traffic,1807,nulo_obligatorio:tipo_via
synthetic_traffic,1808,nulo_obligatorio:tipo_via
synthetic_traffic,1809,nulo_obligatorio:tipo_via
synthetic_traffic,1810,nulo_obligatorio:tipo_via
synthetic_traffic,1811,nulo_obligatorio:tipo_via
synthetic_traffic,1812,nulo_obligatorio:tipo_via
synthetic_traffic,1813,nulo_obligatorio:tipo_via
synthetic_traffic,1814,nulo_obligatorio:tipo_via
synthetic_traffic,1815,nulo_obligatorio:tipo_via
synthetic_traffic,1816,nulo_obligatorio:tipo_via
synthetic_traffic,1817,nulo_obligatorio:tipo_via
synthetic_traffic,1818,nulo_obligatorio:tipo_via
synthetic_traffic,1819,nulo_obligatorio:tipo_via
synthetic_traffic,1820,nulo_obligatorio:tipo_via
synthetic_traffic,1821,nulo_obligatorio:tipo_via
synthetic_traffic,1822,nulo_obligatorio:tipo_via
synthetic_traffic,1823,nulo_obligatorio:tipo_via
synthetic_traffic,1824,nulo_obligatorio:tipo_via
synthetic_traffic,1825,nulo_obligatorio:tipo_via
synthetic_traffic,1826,nulo_obligatorio:tipo_via
synthetic_traffic,1827,nulo_obligatorio:tipo_via
synthetic_traffic,1828,nulo_obligatorio:tipo_via
synthetic_traffic,1829,nulo_obligatorio:tipo_via
synthetic_traffic,1830,nulo_obligatorio:tipo_via
synthetic_traffic,1831,nulo_obligatorio:tipo_via
synthetic_traffic,1832,nulo_obligatorio:tipo_via
synthetic_traffic,1833,nulo_obligatorio:tipo_via
synthetic_traffic,1834,nulo_obligatorio:tipo_via
synthetic_traffic,1835,nulo_obligatorio:tipo_via
synthetic_traffic,1836,nulo_obligatorio:tipo_via
synthetic_traffic,1837,nulo_obligatorio:tipo_via
synthetic_traffic,1838,nulo_obligatorio:tipo_via
synthetic_traffic,1839,nulo_obligatorio:tipo_via
synthetic_traffic,1840,nulo_obligatorio:tipo_via
synthetic_traffic,1841,nulo_obligatorio:tipo_via
synthetic_traffic,1842,nulo_obligatorio:tipo_via
synthetic_traffic,1843,nulo_obligatorio:tipo_via
synthetic_traffic,1844,nulo_obligatorio:tipo_via
synthetic_traffic,1845,nulo_obligatorio:tipo_via
synthetic_traffic,1846,nulo_obligatorio:tipo_via
synthetic_traffic,1847,nulo_obligatorio:tipo_via
synthetic_traffic,1848,nulo_obligatorio:tipo_via
synthetic_traffic,1849,nulo_obligatorio:tipo_via
synthetic_traffic,1850,nulo_obligatorio:tipo_via
synthetic_traffic,1851,nulo_obligatorio:tipo_via
synthetic_traffic,1852,nulo_obligatorio:tipo_via
synthetic_traffic,1853,nulo_obligatorio:tipo_via
synthetic_traffic,1854,nulo_obligatorio:tipo_via
synthetic_traffic,1855,nulo_obligatorio:tipo_via
synthetic_traffic,1856,nulo_obligatorio:tipo_via
synthetic_traffic,1857,nulo_obligatorio:tipo_via
synthetic_traffic,1858,nulo_obligatorio:tipo_via
synthetic_traffic,1859,nulo_obligatorio:tipo_via
synthetic_traffic,1860,nulo_obligatorio:tipo_via
synthetic_traffic,1861,nulo_obligatorio:tipo_via
synthetic_traffic,1862,nulo_obligatorio:tipo_via
synthetic_traffic,1863,nulo_obligatorio:tipo_via
synthetic_traffic,1864,nulo_obligatorio:tipo_via
synthetic_traffic,1865,nulo_obligatorio:tipo_via
synthetic_traffic,1866,nulo_obligatorio:tipo_via
synthetic_traffic,1867,nulo_obligatorio:tipo_via
synthetic_traffic,1868,nulo_obligatorio:tipo_via
synthetic_traffic,1869,nulo_obligatorio:tipo_via
synthetic_traffic,1870,nulo_obligatorio:tipo_via
synthetic_traffic,1871,nulo_obligatorio:tipo_via
synthetic_traffic,1872,nulo_obligatorio:tipo_via
synthetic_traffic,1873,nulo_obligatorio:tipo_via
synthetic_traffic,1874,nulo_obligatorio:tipo_via
synthetic_traffic,1875,nulo_obligatorio:tipo_via
synthetic_traffic,1876,nulo_obligatorio:tipo_via
synthetic_traffic,1877,nulo_obligatorio:tipo_via
synthetic_traffic,1878,nulo_obligatorio:tipo_via
synthetic_traffic,1879,nulo_obligatorio:tipo_via
synthetic_traffic,1880,nulo_obligatorio:tipo_via
synthetic_traffic,1881,nulo_obligatorio:tipo_via
synthetic_traffic,1882,nulo_obligatorio:tipo_via
synthetic_traffic,1883,nulo_obligatorio:tipo_via
synthetic_traffic,1884,nulo_obligatorio:tipo_via
synthetic_traffic,1885,nulo_obligatorio:tipo_via
synthetic_traffic,1886,nulo_obligatorio:tipo_via
synthetic_traffic,1887,nulo_obligatorio:tipo_via
synthetic_traffic,1888,nulo_obligatorio:tipo_via
synthetic_traffic,1889,nulo_obligatorio:tipo_via
synthetic_traffic,1890,nulo_obligatorio:tipo_via
synthetic_traffic,1891,nulo_obligatorio:tipo_via
synthetic_traffic,1892,nulo_obligatorio:tipo_via
synthetic_traffic,1893,nulo_obligatorio:tipo_via
synthetic_traffic,1894,nulo_obligatorio:tipo_via
synthetic_traffic,1895,nulo_obligatorio:tipo_via
synthetic_traffic,1896,nulo_obligatorio:tipo_via
synthetic_traffic,1897,nulo_obligatorio:tipo_via
synthetic_traffic,1898,nulo_obligatorio:tipo_via
synthetic_traffic,1899,nulo_obligatorio:tipo_via
synthetic_traffic,1900,nulo_obligatorio:tipo_via
synthetic_traffic,1901,nulo_obligatorio:tipo_via
synthetic_traffic,1902,nulo_obligatorio:tipo_via
synthetic_traffic,1903,nulo_obligatorio:tipo_via
synthetic_traffic,1904,nulo_obligatorio:tipo_via
synthetic_traffic,1905,nulo_obligatorio:tipo_via
synthetic_traffic,1906,nulo_obligatorio:tipo_via
synthetic_traffic,1907,nulo_obligatorio:tipo_via
synthetic_traffic,1908,nulo_obligatorio:tipo_via
synthetic_traffic,1909,nulo_obligatorio:tipo_via
synthetic_traffic,1910,nulo_obligatorio:tipo_via
synthetic_traffic,1911,nulo_obligatorio:tipo_via
synthetic_traffic,1912,nulo_obligatorio:tipo_via
synthetic_traffic,1913,nulo_obligatorio:tipo_via
synthetic_traffic,1914,nulo_obligatorio:tipo_via
synthetic_traffic,1915,nulo_obligatorio:tipo_via
synthetic_traffic,1916,nulo_obligatorio:tipo_via
synthetic_traffic,1917,nulo_obligatorio:tipo_via
synthetic_traffic,1918,nulo_obligatorio:tipo_via
synthetic_traffic,1919,nulo_obligatorio:tipo_via
synthetic_traffic,1920,nulo_obligatorio:tipo_via
synthetic_traffic,1921,nulo_obligatorio:tipo_via
synthetic_traffic,1922,nulo_obligatorio:tipo_via
synthetic_traffic,1923,nulo_obligatorio:tipo_via
synthetic_traffic,1924,nulo_obligatorio:tipo_via
synthetic_traffic,1925,nulo_obligatorio:tipo_via
synthetic_traffic,1926,nulo_obligatorio:tipo_via
synthetic_traffic,1927,nulo_obligatorio:tipo_via
synthetic_traffic,1928,nulo_obligatorio:tipo_via
synthetic_traffic,1929,nulo_obligatorio:tipo_via
synthetic_traffic,1930,nulo_obligatorio:tipo_via
synthetic_traffic,1931,nulo_obligatorio:tipo_via
synthetic_traffic,1932,nulo_obligatorio:tipo_via
synthetic_traffic,1933,nulo_obligatorio:tipo_via
synthetic_traffic,1934,nulo_obligatorio:tipo_via
synthetic_traffic,1935,nulo_obligatorio:tipo_via
synthetic_traffic,1936,nulo_obligatorio:tipo_via
synthetic_traffic,1937,nulo_obligatorio:tipo_via
synthetic_traffic,1938,nulo_obligatorio:tipo_via
synthetic_traffic,1939,nulo_obligatorio:tipo_via
synthetic_traffic,1940,nulo_obligatorio:tipo_via
synthetic_traffic,1941,nulo_obligatorio:tipo_via
synthetic_traffic,1942,nulo_obligatorio:tipo_via
synthetic_traffic,1943,nulo_obligatorio:tipo_via
synthetic_traffic,1944,nulo_obligatorio:tipo_via
synthetic_traffic,1945,nulo_obligatorio:tipo_via
synthetic_traffic,1946,nulo_obligatorio:tipo_via
synthetic_traffic,1947,nulo_obligatorio:tipo_via
synthetic_traffic,1948,nulo_obligatorio:tipo_via
synthetic_traffic,1949,nulo_obligatorio:tipo_via
synthetic_traffic,1950,nulo_obligatorio:tipo_via
synthetic_traffic,1951,nulo_obligatorio:tipo_via
synthetic_traffic,1952,nulo_obligatorio:tipo_via
synthetic_traffic,1953,nulo_obligatorio:tipo_via
synthetic_traffic,1954,nulo_obligatorio:tipo_via
synthetic_traffic,1955,nulo_obligatorio:tipo_via
synthetic_traffic,1956,nulo_obligatorio:tipo_via
synthetic_traffic,1957,nulo_obligatorio:tipo_via
synthetic_traffic,1958,nulo_obligatorio:tipo_via
synthetic_traffic,1959,nulo_obligatorio:tipo_via
synthetic_traffic,1960,nulo_obligatorio:tipo_via
synthetic_traffic,1961,nulo_obligatorio:tipo_via
synthetic_traffic,1962,nulo_obligatorio:tipo_via
synthetic_traffic,1963,nulo_obligatorio:tipo_via
synthetic_traffic,1964,nulo_obligatorio:tipo_via
synthetic_traffic,1965,nulo_obligatorio:tipo_via
synthetic_traffic,1966,nulo_obligatorio:tipo_via
synthetic_traffic,1967,nulo_obligatorio:tipo_via
synthetic_traffic,1968,nulo_obligatorio:tipo_via
synthetic_traffic,1969,nulo_obligatorio:tipo_via
synthetic_traffic,1970,nulo_obligatorio:tipo_via
synthetic_traffic,1971,nulo_obligatorio:tipo_via
synthetic_traffic,1972,nulo_obligatorio:tipo_via
synthetic_traffic,1973,nulo_obligatorio:tipo_via
synthetic_traffic,1974,nulo_obligatorio:tipo_via
synthetic_traffic,1975,nulo_obligatorio:tipo_via
synthetic_traffic,1976,nulo_obligatorio:tipo_via
synthetic_traffic,1977,nulo_obligatorio:tipo_via
synthetic_traffic,1978,nulo_obligatorio:tipo_via
synthetic_traffic,1979,nulo_obligatorio:tipo_via
synthetic_traffic,1980,nulo_obligatorio:tipo_via
synthetic_traffic,1981,nulo_obligatorio:tipo_via
synthetic_traffic,1982,nulo_obligatorio:tipo_via
synthetic_traffic,1983,nulo_obligatorio:tipo_via
synthetic_traffic,1984,nulo_obligatorio:tipo_via
synthetic_traffic,1985,nulo_obligatorio:tipo_via
synthetic_traffic,1986,nulo_obligatorio:tipo_via
synthetic_traffic,1987,nulo_obligatorio:tipo_via
synthetic_traffic,1988,nulo_obligatorio:tipo_via
synthetic_traffic,1989,nulo_obligatorio:tipo_via
synthetic_traffic,1990,nulo_obligatorio:tipo_via
synthetic_traffic,1991,nulo_obligatorio:tipo_via
synthetic_traffic,1992,nulo_obligatorio:tipo_via
synthetic_traffic,1993,nulo_obligatorio:tipo_via
synthetic_traffic,1994,nulo_obligatorio:tipo_via
synthetic_traffic,1995,nulo_obligatorio:tipo_via
synthetic_traffic,1996,nulo_obligatorio:tipo_via
synthetic_traffic,1997,nulo_obligatorio:tipo_via
synthetic_traffic,1998,nulo_obligatorio:tipo_via
synthetic_traffic,1999,nulo_obligatorio:tipo_via
synthetic_traffic,2000,nulo_obligatorio:tipo_via
synthetic_traffic,2001,nulo_obligatorio:tipo_via
synthetic_traffic,2002,nulo_obligatorio:tipo_via
synthetic_traffic,2003,nulo_obligatorio:tipo_via
synthetic_traffic,2004,nulo_obligatorio:tipo_via
synthetic_traffic,2005,nulo_obligatorio:tipo_via
synthetic_traffic,2006,nulo_obligatorio:tipo_via
synthetic_traffic,2007,nulo_obligatorio:tipo_via
synthetic_traffic,2008,nulo_obligatorio:tipo_via
synthetic_traffic,2009,nulo_obligatorio:tipo_via
synthetic_traffic,2010,nulo_obligatorio:tipo_via
synthetic_traffic,2011,nulo_obligatorio:tipo_via
synthetic_traffic,2012,nulo_obligatorio:tipo_via
synthetic_traffic,2013,nulo_obligatorio:tipo_via
synthetic_traffic,2014,nulo_obligatorio:tipo_via
synthetic_traffic,2015,nulo_obligatorio:tipo_via
synthetic_traffic,2016,nulo_obligatorio:tipo_via
synthetic_traffic,2017,nulo_obligatorio:tipo_via
synthetic_traffic,2018,nulo_obligatorio:tipo_via
synthetic_traffic,2019,nulo_obligatorio:tipo_via
synthetic_traffic,2020,nulo_obligatorio:tipo_via
synthetic_traffic,2021,nulo_obligatorio:tipo_via
synthetic_traffic,2022,nulo_obligatorio:tipo_via
synthetic_traffic,2023,nulo_obligatorio:tipo_via
synthetic_traffic,2024,nulo_obligatorio:tipo_via
synthetic_traffic,2025,nulo_obligatorio:tipo_via
synthetic_traffic,2026,nulo_obligatorio:tipo_via
synthetic_traffic,2027,nulo_obligatorio:tipo_via
synthetic_traffic,2028,nulo_obligatorio:tipo_via
synthetic_traffic,2029,nulo_obligatorio:tipo_via
synthetic_traffic,2030,nulo_obligatorio:tipo_via
synthetic_traffic,2031,nulo_obligatorio:tipo_via
synthetic_traffic,2032,nulo_obligatorio:tipo_via
synthetic_traffic,2033,nulo_obligatorio:tipo_via
synthetic_traffic,2034,nulo_obligatorio:tipo_via
synthetic_traffic,2035,nulo_obligatorio:tipo_via
synthetic_traffic,2036,nulo_obligatorio:tipo_via
synthetic_traffic,2037,nulo_obligatorio:tipo_via
synthetic_traffic,2038,nulo_obligatorio:tipo_via
synthetic_traffic,2039,nulo_obligatorio:tipo_via
synthetic_traffic,2040,nulo_obligatorio:tipo_via
synthetic_traffic,2041,nulo_obligatorio:tipo_via
synthetic_traffic,2042,nulo_obligatorio:tipo_via
synthetic_traffic,2043,nulo_obligatorio:tipo_via
synthetic_traffic,2044,nulo_obligatorio:tipo_via
synthetic_traffic,2045,nulo_obligatorio:tipo_via
synthetic_traffic,2046,nulo_obligatorio:tipo_via
synthetic_traffic,2047,nulo_obligatorio:tipo_via
synthetic_traffic,2048,nulo_obligatorio:tipo_via
synthetic_traffic,2049,nulo_obligatorio:tipo_via
synthetic_traffic,2050,nulo_obligatorio:tipo_via
synthetic_traffic,2051,nulo_obligatorio:tipo_via
synthetic_traffic,2052,nulo_obligatorio:tipo_via
synthetic_traffic,2053,nulo_obligatorio:tipo_via
synthetic_traffic,2054,nulo_obligatorio:tipo_via
synthetic_traffic,2055,nulo_obligatorio:tipo_via
synthetic_traffic,2056,nulo_obligatorio:tipo_via
synthetic_traffic,2057,nulo_obligatorio:tipo_via
synthetic_traffic,2058,nulo_obligatorio:tipo_via
synthetic_traffic,2059,nulo_obligatorio:tipo_via
synthetic_traffic,2060,nulo_obligatorio:tipo_via
synthetic_traffic,2061,nulo_obligatorio:tipo_via
synthetic_traffic,2062,nulo_obligatorio:tipo_via
synthetic_traffic,2063,nulo_obligatorio:tipo_via
synthetic_traffic,2064,nulo_obligatorio:tipo_via
synthetic_traffic,2065,nulo_obligatorio:tipo_via
synthetic_traffic,2066,nulo_obligatorio:tipo_via
synthetic_traffic,2067,nulo_obligatorio:tipo_via
synthetic_traffic,2068,nulo_obligatorio:tipo_via
synthetic_traffic,2069,nulo_obligatorio:tipo_via
synthetic_traffic,2070,nulo_obligatorio:tipo_via
synthetic_traffic,2071,nulo_obligatorio:tipo_via
synthetic_traffic,2072,nulo_obligatorio:tipo_via
synthetic_traffic,2073,nulo_obligatorio:tipo_via
synthetic_traffic,2074,nulo_obligatorio:tipo_via
synthetic_traffic,2075,nulo_obligatorio:tipo_via
synthetic_traffic,2076,nulo_obligatorio:tipo_via
synthetic_traffic,2077,nulo_obligatorio:tipo_via
synthetic_traffic,2078,nulo_obligatorio:tipo_via
synthetic_traffic,2079,nulo_obligatorio:tipo_via
synthetic_traffic,2080,nulo_obligatorio:tipo_via
synthetic_traffic,2081,nulo_obligatorio:tipo_via
synthetic_traffic,2082,nulo_obligatorio:tipo_via
synthetic_traffic,2083,nulo_obligatorio:tipo_via
synthetic_traffic,2084,nulo_obligatorio:tipo_via
synthetic_traffic,2085,nulo_obligatorio:tipo_via
synthetic_traffic,2086,nulo_obligatorio:tipo_via
synthetic_traffic,2087,nulo_obligatorio:tipo_via
synthetic_traffic,2088,nulo_obligatorio:tipo_via
synthetic_traffic,2089,nulo_obligatorio:tipo_via
synthetic_traffic,2090,nulo_obligatorio:tipo_via
synthetic_traffic,2091,nulo_obligatorio:tipo_via
synthetic_traffic,2092,nulo_obligatorio:tipo_via
synthetic_traffic,2093,nulo_obligatorio:tipo_via
synthetic_traffic,2094,nulo_obligatorio:tipo_via
synthetic_traffic,2095,nulo_obligatorio:tipo_via
synthetic_traffic,2096,nulo_obligatorio:tipo_via
synthetic_traffic,2097,nulo_obligatorio:tipo_via
synthetic_traffic,2098,nulo_obligatorio:tipo_via
synthetic_traffic,2099,nulo_obligatorio:tipo_via
synthetic_traffic,2100,nulo_obligatorio:tipo_via
synthetic_traffic,2101,nulo_obligatorio:tipo_via
synthetic_traffic,2102,nulo_obligatorio:tipo_via
synthetic_traffic,2103,nulo_obligatorio:tipo_via
synthetic_traffic,2104,nulo_obligatorio:tipo_via
synthetic_traffic,2105,nulo_obligatorio:tipo_via
synthetic_traffic,2106,nulo_obligatorio:tipo_via
synthetic_traffic,2107,nulo_obligatorio:tipo_via
synthetic_traffic,2108,nulo_obligatorio:tipo_via
synthetic_traffic,2109,nulo_obligatorio:tipo_via
synthetic_traffic,2110,nulo_obligatorio:tipo_via
synthetic_traffic,2111,nulo_obligatorio:tipo_via
synthetic_traffic,2112,nulo_obligatorio:tipo_via
synthetic_traffic,2113,nulo_obligatorio:tipo_via
synthetic_traffic,2114,nulo_obligatorio:tipo_via
synthetic_traffic,2115,nulo_obligatorio:tipo_via
synthetic_traffic,2116,nulo_obligatorio:tipo_via
synthetic_traffic,2117,nulo_obligatorio:tipo_via
synthetic_traffic,2118,nulo_obligatorio:tipo_via
synthetic_traffic,2119,nulo_obligatorio:tipo_via
synthetic_traffic,2120,nulo_obligatorio:tipo_via
synthetic_traffic,2121,nulo_obligatorio:tipo_via
synthetic_traffic,2122,nulo_obligatorio:tipo_via
synthetic_traffic,2123,nulo_obligatorio:tipo_via
synthetic_traffic,2124,nulo_obligatorio:tipo_via
synthetic_traffic,2125,nulo_obligatorio:tipo_via
synthetic_traffic,2126,nulo_obligatorio:tipo_via
synthetic_traffic,2127,nulo_obligatorio:tipo_via
synthetic_traffic,2128,nulo_obligatorio:tipo_via
synthetic_traffic,2129,nulo_obligatorio:tipo_via
synthetic_traffic,2130,nulo_obligatorio:tipo_via
synthetic_traffic,2131,nulo_obligatorio:tipo_via
synthetic_traffic,2132,nulo_obligatorio:tipo_via
synthetic_traffic,2133,nulo_obligatorio:tipo_via
synthetic_traffic,2134,nulo_obligatorio:tipo_via
synthetic_traffic,2135,nulo_obligatorio:tipo_via
synthetic_traffic,2136,nulo_obligatorio:tipo_via
synthetic_traffic,2137,nulo_obligatorio:tipo_via
synthetic_traffic,2138,nulo_obligatorio:tipo_via
synthetic_traffic,2139,nulo_obligatorio:tipo_via
synthetic_traffic,2140,nulo_obligatorio:tipo_via
synthetic_traffic,2141,nulo_obligatorio:tipo_via
synthetic_traffic,2142,nulo_obligatorio:tipo_via
synthetic_traffic,2143,nulo_obligatorio:tipo_via
synthetic_traffic,2144,nulo_obligatorio:tipo_via
synthetic_traffic,2145,nulo_obligatorio:tipo_via
synthetic_traffic,2146,nulo_obligatorio:tipo_via
synthetic_traffic,2147,nulo_obligatorio:tipo_via
synthetic_traffic,2148,nulo_obligatorio:tipo_via
synthetic_traffic,2149,nulo_obligatorio:tipo_via
synthetic_traffic,2150,nulo_obligatorio:tipo_via
synthetic_traffic,2151,nulo_obligatorio:tipo_via
synthetic_traffic,2152,nulo_obligatorio:tipo_via
synthetic_traffic,2153,nulo_obligatorio:tipo_via
synthetic_traffic,2154,nulo_obligatorio:tipo_via
synthetic_traffic,2155,nulo_obligatorio:tipo_via
synthetic_traffic,2156,nulo_obligatorio:tipo_via
synthetic_traffic,2157,nulo_obligatorio:tipo_via
synthetic_traffic,2158,nulo_obligatorio:tipo_via
synthetic_traffic,2159,nulo_obligatorio:tipo_via
synthetic_traffic,2160,nulo_obligatorio:tipo_via
synthetic_traffic,2161,nulo_obligatorio:tipo_via
synthetic_traffic,2162,nulo_obligatorio:tipo_via
synthetic_traffic,2163,nulo_obligatorio:tipo_via
synthetic_traffic,2164,nulo_obligatorio:tipo_via
synthetic_traffic,2165,nulo_obligatorio:tipo_via
synthetic_traffic,2166,nulo_obligatorio:tipo_via
synthetic_traffic,2167,nulo_obligatorio:tipo_via
synthetic_traffic,2168,nulo_obligatorio:tipo_via
synthetic_traffic,2169,nulo_obligatorio:tipo_via
synthetic_traffic,2170,nulo_obligatorio:tipo_via
synthetic_traffic,2171,nulo_obligatorio:tipo_via
synthetic_traffic,2172,nulo_obligatorio:tipo_via
synthetic_traffic,2173,nulo_obligatorio:tipo_via
synthetic_traffic,2174,nulo_obligatorio:tipo_via
synthetic_traffic,2175,nulo_obligatorio:tipo_via
synthetic_traffic,2176,nulo_obligatorio:tipo_via
synthetic_traffic,2177,nulo_obligatorio:tipo_via
synthetic_traffic,2178,nulo_obligatorio:tipo_via
synthetic_traffic,2179,nulo_obligatorio:tipo_via
synthetic_traffic,2180,nulo_obligatorio:tipo_via
synthetic_traffic,2181,nulo_obligatorio:tipo_via
synthetic_traffic,2182,nulo_obligatorio:tipo_via
synthetic_traffic,2183,nulo_obligatorio:tipo_via
synthetic_traffic,2184,nulo_obligatorio:tipo_via
synthetic_traffic,2185,nulo_obligatorio:tipo_via
synthetic_traffic,2186,nulo_obligatorio:tipo_via
synthetic_traffic,2187,nulo_obligatorio:tipo_via
synthetic_traffic,2188,nulo_obligatorio:tipo_via
synthetic_traffic,2189,nulo_obligatorio:tipo_via
synthetic_traffic,2190,nulo_obligatorio:tipo_via
synthetic_traffic,2191,nulo_obligatorio:tipo_via
synthetic_traffic,2192,nulo_obligatorio:tipo_via
synthetic_traffic,2193,nulo_obligatorio:tipo_via
synthetic_traffic,2194,nulo_obligatorio:tipo_via
synthetic_traffic,2195,nulo_obligatorio:tipo_via
synthetic_traffic,2196,nulo_obligatorio:tipo_via
synthetic_traffic,2197,nulo_obligatorio:tipo_via
synthetic_traffic,2198,nulo_obligatorio:tipo_via
synthetic_traffic,2199,nulo_obligatorio:tipo_via
synthetic_traffic,2200,nulo_obligatorio:tipo_via
synthetic_traffic,2201,nulo_obligatorio:tipo_via
synthetic_traffic,2202,nulo_obligatorio:tipo_via
synthetic_traffic,2203,nulo_obligatorio:tipo_via
synthetic_traffic,2204,nulo_obligatorio:tipo_via
synthetic_traffic,2205,nulo_obligatorio:tipo_via
synthetic_traffic,2206,nulo_obligatorio:tipo_via
synthetic_traffic,2207,nulo_obligatorio:tipo_via
synthetic_traffic,2208,nulo_obligatorio:tipo_via
synthetic_traffic,2209,nulo_obligatorio:tipo_via
synthetic_traffic,2210,nulo_obligatorio:tipo_via
synthetic_traffic,2211,nulo_obligatorio:tipo_via
synthetic_traffic,2212,nulo_obligatorio:tipo_via
synthetic_traffic,2213,nulo_obligatorio:tipo_via
synthetic_traffic,2214,nulo_obligatorio:tipo_via
synthetic_traffic,2215,nulo_obligatorio:tipo_via
synthetic_traffic,2216,nulo_obligatorio:tipo_via
synthetic_traffic,2217,nulo_obligatorio:tipo_via
synthetic_traffic,2218,nulo_obligatorio:tipo_via
synthetic_traffic,2219,nulo_obligatorio:tipo_via
synthetic_traffic,2220,nulo_obligatorio:tipo_via
synthetic_traffic,2221,nulo_obligatorio:tipo_via
synthetic_traffic,2222,nulo_obligatorio:tipo_via
synthetic_traffic,2223,nulo_obligatorio:tipo_via
synthetic_traffic,2224,nulo_obligatorio:tipo_via
synthetic_traffic,2225,nulo_obligatorio:tipo_via
synthetic_traffic,2226,nulo_obligatorio:tipo_via
synthetic_traffic,2227,nulo_obligatorio:tipo_via
synthetic_traffic,2228,nulo_obligatorio:tipo_via
synthetic_traffic,2229,nulo_obligatorio:tipo_via
synthetic_traffic,2230,nulo_obligatorio:tipo_via
synthetic_traffic,2231,nulo_obligatorio:tipo_via
synthetic_traffic,2232,nulo_obligatorio:tipo_via
synthetic_traffic,2233,nulo_obligatorio:tipo_via
synthetic_traffic,2234,nulo_obligatorio:tipo_via
synthetic_traffic,2235,nulo_obligatorio:tipo_via
synthetic_traffic,2236,nulo_obligatorio:tipo_via
synthetic_traffic,2237,nulo_obligatorio:tipo_via
synthetic_traffic,2238,nulo_obligatorio:tipo_via
synthetic_traffic,2239,nulo_obligatorio:tipo_via
synthetic_traffic,2240,nulo_obligatorio:tipo_via
synthetic_traffic,2241,nulo_obligatorio:tipo_via
synthetic_traffic,2242,nulo_obligatorio:tipo_via
synthetic_traffic,2243,nulo_obligatorio:tipo_via
synthetic_traffic,2244,nulo_obligatorio:tipo_via
synthetic_traffic,2245,nulo_obligatorio:tipo_via
synthetic_traffic,2246,nulo_obligatorio:tipo_via
synthetic_traffic,2247,nulo_obligatorio:tipo_via
synthetic_traffic,2248,nulo_obligatorio:tipo_via
synthetic_traffic,2249,nulo_obligatorio:tipo_via
synthetic_traffic,2250,nulo_obligatorio:tipo_via
synthetic_traffic,2251,nulo_obligatorio:tipo_via
synthetic_traffic,2252,nulo_obligatorio:tipo_via
synthetic_traffic,2253,nulo_obligatorio:tipo_via
synthetic_traffic,2254,nulo_obligatorio:tipo_via
synthetic_traffic,2255,nulo_obligatorio:tipo_via
synthetic_traffic,2256,nulo_obligatorio:tipo_via
synthetic_traffic,2257,nulo_obligatorio:tipo_via
synthetic_traffic,2258,nulo_obligatorio:tipo_via
synthetic_traffic,2259,nulo_obligatorio:tipo_via
synthetic_traffic,2260,nulo_obligatorio:tipo_via
synthetic_traffic,2261,nulo_obligatorio:tipo_via
synthetic_traffic,2262,nulo_obligatorio:tipo_via
synthetic_traffic,2263,nulo_obligatorio:tipo_via
synthetic_traffic,2264,nulo_obligatorio:tipo_via
synthetic_traffic,2265,nulo_obligatorio:tipo_via
synthetic_traffic,2266,nulo_obligatorio:tipo_via
synthetic_traffic,2267,nulo_obligatorio:tipo_via
synthetic_traffic,2268,nulo_obligatorio:tipo_via
synthetic_traffic,2269,nulo_obligatorio:tipo_via
synthetic_traffic,2270,nulo_obligatorio:tipo_via
synthetic_traffic,2271,nulo_obligatorio:tipo_via
synthetic_traffic,2272,nulo_obligatorio:tipo_via
synthetic_traffic,2273,nulo_obligatorio:tipo_via
synthetic_traffic,2274,nulo_obligatorio:tipo_via
synthetic_traffic,2275,nulo_obligatorio:tipo_via
synthetic_traffic,2276,nulo_obligatorio:tipo_via
synthetic_traffic,2277,nulo_obligatorio:tipo_via
synthetic_traffic,2278,nulo_obligatorio:tipo_via
synthetic_traffic,2279,nulo_obligatorio:tipo_via
synthetic_traffic,2280,nulo_obligatorio:tipo_via
synthetic_traffic,2281,nulo_obligatorio:tipo_via
synthetic_traffic,2282,nulo_obligatorio:tipo_via
synthetic_traffic,2283,nulo_obligatorio:tipo_via
synthetic_traffic,2284,nulo_obligatorio:tipo_via
synthetic_traffic,2285,nulo_obligatorio:tipo_via
synthetic_traffic,2286,nulo_obligatorio:tipo_via
synthetic_traffic,2287,nulo_obligatorio:tipo_via
synthetic_traffic,2288,nulo_obligatorio:tipo_via
synthetic_traffic,2289,nulo_obligatorio:tipo_via
synthetic_traffic,2290,nulo_obligatorio:tipo_via
synthetic_traffic,2291,nulo_obligatorio:tipo_via
synthetic_traffic,2292,nulo_obligatorio:tipo_via
synthetic_traffic,2293,nulo_obligatorio:tipo_via
synthetic_traffic,2294,nulo_obligatorio:tipo_via
synthetic_traffic,2295,nulo_obligatorio:tipo_via
synthetic_traffic,2296,nulo_obligatorio:tipo_via
synthetic_traffic,2297,nulo_obligatorio:tipo_via
synthetic_traffic,2298,nulo_obligatorio:tipo_via
synthetic_traffic,2299,nulo_obligatorio:tipo_via
synthetic_traffic,2300,nulo_obligatorio:tipo_via
synthetic_traffic,2301,nulo_obligatorio:tipo_via
synthetic_traffic,2302,nulo_obligatorio:tipo_via
synthetic_traffic,2303,nulo_obligatorio:tipo_via
synthetic_traffic,2304,nulo_obligatorio:tipo_via
synthetic_traffic,2305,nulo_obligatorio:tipo_via
synthetic_traffic,2306,nulo_obligatorio:tipo_via
synthetic_traffic,2307,nulo_obligatorio:tipo_via
synthetic_traffic,2308,nulo_obligatorio:tipo_via
synthetic_traffic,2309,nulo_obligatorio:tipo_via
synthetic_traffic,2310,nulo_obligatorio:tipo_via
synthetic_traffic,2311,nulo_obligatorio:tipo_via
synthetic_traffic,2312,nulo_obligatorio:tipo_via
synthetic_traffic,2313,nulo_obligatorio:tipo_via
synthetic_traffic,2314,nulo_obligatorio:tipo_via
synthetic_traffic,2315,nulo_obligatorio:tipo_via
synthetic_traffic,2316,nulo_obligatorio:tipo_via
synthetic_traffic,2317,nulo_obligatorio:tipo_via
synthetic_traffic,2318,nulo_obligatorio:tipo_via
synthetic_traffic,2319,nulo_obligatorio:tipo_via
synthetic_traffic,2320,nulo_obligatorio:tipo_via
synthetic_traffic,2321,nulo_obligatorio:tipo_via
synthetic_traffic,2322,nulo_obligatorio:tipo_via
synthetic_traffic,2323,nulo_obligatorio:tipo_via
synthetic_traffic,2324,nulo_obligatorio:tipo_via
synthetic_traffic,2325,nulo_obligatorio:tipo_via
synthetic_traffic,2326,nulo_obligatorio:tipo_via
synthetic_traffic,2327,nulo_obligatorio:tipo_via
synthetic_traffic,2328,nulo_obligatorio:tipo_via
synthetic_traffic,2329,nulo_obligatorio:tipo_via
synthetic_traffic,2330,nulo_obligatorio:tipo_via
synthetic_traffic,2331,nulo_obligatorio:tipo_via
synthetic_traffic,2332,nulo_obligatorio:tipo_via
synthetic_traffic,2333,nulo_obligatorio:tipo_via
synthetic_traffic,2334,nulo_obligatorio:tipo_via
synthetic_traffic,2335,nulo_obligatorio:tipo_via
synthetic_traffic,2336,nulo_obligatorio:tipo_via
synthetic_traffic,2337,nulo_obligatorio:tipo_via
synthetic_traffic,2338,nulo_obligatorio:tipo_via
synthetic_traffic,2339,nulo_obligatorio:tipo_via
synthetic_traffic,2340,nulo_obligatorio:tipo_via
synthetic_traffic,2341,nulo_obligatorio:tipo_via
synthetic_traffic,2342,nulo_obligatorio:tipo_via
synthetic_traffic,2343,nulo_obligatorio:tipo_via
synthetic_traffic,2344,nulo_obligatorio:tipo_via
synthetic_traffic,2345,nulo_obligatorio:tipo_via
synthetic_traffic,2346,nulo_obligatorio:tipo_via
synthetic_traffic,2347,nulo_obligatorio:tipo_via
synthetic_traffic,2348,nulo_obligatorio:tipo_via
synthetic_traffic,2349,nulo_obligatorio:tipo_via
synthetic_traffic,2350,nulo_obligatorio:tipo_via
synthetic_traffic,2351,nulo_obligatorio:tipo_via
synthetic_traffic,2352,nulo_obligatorio:tipo_via
synthetic_traffic,2353,nulo_obligatorio:tipo_via
synthetic_traffic,2354,nulo_obligatorio:tipo_via
synthetic_traffic,2355,nulo_obligatorio:tipo_via
synthetic_traffic,2356,nulo_obligatorio:tipo_via
synthetic_traffic,2357,nulo_obligatorio:tipo_via
synthetic_traffic,2358,nulo_obligatorio:tipo_via
synthetic_traffic,2359,nulo_obligatorio:tipo_via
synthetic_traffic,2360,nulo_obligatorio:tipo_via
synthetic_traffic,2361,nulo_obligatorio:tipo_via
synthetic_traffic,2362,nulo_obligatorio:tipo_via
synthetic_traffic,2363,nulo_obligatorio:tipo_via
synthetic_traffic,2364,nulo_obligatorio:tipo_via
synthetic_traffic,2365,nulo_obligatorio:tipo_via
synthetic_traffic,2366,nulo_obligatorio:tipo_via
synthetic_traffic,2367,nulo_obligatorio:tipo_via
synthetic_traffic,2368,nulo_obligatorio:tipo_via
synthetic_traffic,2369,nulo_obligatorio:tipo_via
synthetic_traffic,2370,nulo_obligatorio:tipo_via
synthetic_traffic,2371,nulo_obligatorio:tipo_via
synthetic_traffic,2372,nulo_obligatorio:tipo_via
synthetic_traffic,2373,nulo_obligatorio:tipo_via
synthetic_traffic,2374,nulo_obligatorio:tipo_via
synthetic_traffic,2375,nulo_obligatorio:tipo_via
synthetic_traffic,2376,nulo_obligatorio:tipo_via
synthetic_traffic,2377,nulo_obligatorio:tipo_via
synthetic_traffic,2378,nulo_obligatorio:tipo_via
synthetic_traffic,2379,nulo_obligatorio:tipo_via
synthetic_traffic,2380,nulo_obligatorio:tipo_via
synthetic_traffic,2381,nulo_obligatorio:tipo_via
synthetic_traffic,2382,nulo_obligatorio:tipo_via
synthetic_traffic,2383,nulo_obligatorio:tipo_via
synthetic_traffic,2384,nulo_obligatorio:tipo_via
synthetic_traffic,2385,nulo_obligatorio:tipo_via
synthetic_traffic,2386,nulo_obligatorio:tipo_via
synthetic_traffic,2387,nulo_obligatorio:tipo_via
synthetic_traffic,2388,nulo_obligatorio:tipo_via
synthetic_traffic,2389,nulo_obligatorio:tipo_via
synthetic_traffic,2390,nulo_obligatorio:tipo_via
synthetic_traffic,2391,nulo_obligatorio:tipo_via
synthetic_traffic,2392,nulo_obligatorio:tipo_via
synthetic_traffic,2393,nulo_obligatorio:tipo_via
synthetic_traffic,2394,nulo_obligatorio:tipo_via
synthetic_traffic,2395,nulo_obligatorio:tipo_via
synthetic_traffic,2396,nulo_obligatorio:tipo_via
synthetic_traffic,2397,nulo_obligatorio:tipo_via
synthetic_traffic,2398,nulo_obligatorio:tipo_via
synthetic_traffic,2399,nulo_obligatorio:tipo_via
synthetic_traffic,2400,nulo_obligatorio:tipo_via
synthetic_traffic,2401,nulo_obligatorio:tipo_via
synthetic_traffic,2402,nulo_obligatorio:tipo_via
synthetic_traffic,2403,nulo_obligatorio:tipo_via
synthetic_traffic,2404,nulo_obligatorio:tipo_via
synthetic_traffic,2405,nulo_obligatorio:tipo_via
synthetic_traffic,2406,nulo_obligatorio:tipo_via
synthetic_traffic,2407,nulo_obligatorio:tipo_via
synthetic_traffic,2408,nulo_obligatorio:tipo_via
synthetic_traffic,2409,nulo_obligatorio:tipo_via
synthetic_traffic,2410,nulo_obligatorio:tipo_via
synthetic_traffic,2411,nulo_obligatorio:tipo_via
synthetic_traffic,2412,nulo_obligatorio:tipo_via
synthetic_traffic,2413,nulo_obligatorio:tipo_via
synthetic_traffic,2414,nulo_obligatorio:tipo_via
synthetic_traffic,2415,nulo_obligatorio:tipo_via
synthetic_traffic,2416,nulo_obligatorio:tipo_via
synthetic_traffic,2417,nulo_obligatorio:tipo_via
synthetic_traffic,2418,nulo_obligatorio:tipo_via
synthetic_traffic,2419,nulo_obligatorio:tipo_via
synthetic_traffic,2420,nulo_obligatorio:tipo_via
synthetic_traffic,2421,nulo_obligatorio:tipo_via
synthetic_traffic,2422,nulo_obligatorio:tipo_via
synthetic_traffic,2423,nulo_obligatorio:tipo_via
synthetic_traffic,2424,nulo_obligatorio:tipo_via
synthetic_traffic,2425,nulo_obligatorio:tipo_via
synthetic_traffic,2426,nulo_obligatorio:tipo_via
synthetic_traffic,2427,nulo_obligatorio:tipo_via
synthetic_traffic,2428,nulo_obligatorio:tipo_via
synthetic_traffic,2429,nulo_obligatorio:tipo_via
synthetic_traffic,2430,nulo_obligatorio:tipo_via
synthetic_traffic,2431,nulo_obligatorio:tipo_via
synthetic_traffic,2432,nulo_obligatorio:tipo_via
synthetic_traffic,2433,nulo_obligatorio:tipo_via
synthetic_traffic,2434,nulo_obligatorio:tipo_via
synthetic_traffic,2435,nulo_obligatorio:tipo_via
synthetic_traffic,2436,nulo_obligatorio:tipo_via
synthetic_traffic,2437,nulo_obligatorio:tipo_via
synthetic_traffic,2438,nulo_obligatorio:tipo_via
synthetic_traffic,2439,nulo_obligatorio:tipo_via
synthetic_traffic,2440,nulo_obligatorio:tipo_via
synthetic_traffic,2441,nulo_obligatorio:tipo_via
synthetic_traffic,2442,nulo_obligatorio:tipo_via
synthetic_traffic,2443,nulo_obligatorio:tipo_via
synthetic_traffic,2444,nulo_obligatorio:tipo_via
synthetic_traffic,2445,nulo_obligatorio:tipo_via
synthetic_traffic,2446,nulo_obligatorio:tipo_via
synthetic_traffic,2447,nulo_obligatorio:tipo_via
synthetic_traffic,2448,nulo_obligatorio:tipo_via
synthetic_traffic,2449,nulo_obligatorio:tipo_via
synthetic_traffic,2450,nulo_obligatorio:tipo_via
synthetic_traffic,2451,nulo_obligatorio:tipo_via
synthetic_traffic,2452,nulo_obligatorio:tipo_via
synthetic_traffic,2453,nulo_obligatorio:tipo_via
synthetic_traffic,2454,nulo_obligatorio:tipo_via
synthetic_traffic,2455,nulo_obligatorio:tipo_via
synthetic_traffic,2456,nulo_obligatorio:tipo_via
synthetic_traffic,2457,nulo_obligatorio:tipo_via
synthetic_traffic,2458,nulo_obligatorio:tipo_via
synthetic_traffic,2459,nulo_obligatorio:tipo_via
synthetic_traffic,2460,nulo_obligatorio:tipo_via
synthetic_traffic,2461,nulo_obligatorio:tipo_via
synthetic_traffic,2462,nulo_obligatorio:tipo_via
synthetic_traffic,2463,nulo_obligatorio:tipo_via
synthetic_traffic,2464,nulo_obligatorio:tipo_via
synthetic_traffic,2465,nulo_obligatorio:tipo_via
synthetic_traffic,2466,nulo_obligatorio:tipo_via
synthetic_traffic,2467,nulo_obligatorio:tipo_via
synthetic_traffic,2468,nulo_obligatorio:tipo_via
synthetic_traffic,2469,nulo_obligatorio:tipo_via
synthetic_traffic,2470,nulo_obligatorio:tipo_via
synthetic_traffic,2471,nulo_obligatorio:tipo_via
synthetic_traffic,2472,nulo_obligatorio:tipo_via
synthetic_traffic,2473,nulo_obligatorio:tipo_via
synthetic_traffic,2474,nulo_obligatorio:tipo_via
synthetic_traffic,2475,nulo_obligatorio:tipo_via
synthetic_traffic,2476,nulo_obligatorio:tipo_via
synthetic_traffic,2477,nulo_obligatorio:tipo_via
synthetic_traffic,2478,nulo_obligatorio:tipo_via
synthetic_traffic,2479,nulo_obligatorio:tipo_via
synthetic_traffic,2480,nulo_obligatorio:tipo_via
synthetic_traffic,2481,nulo_obligatorio:tipo_via
synthetic_traffic,2482,nulo_obligatorio:tipo_via
synthetic_traffic,2483,nulo_obligatorio:tipo_via
synthetic_traffic,2484,nulo_obligatorio:tipo_via
synthetic_traffic,2485,nulo_obligatorio:tipo_via
synthetic_traffic,2486,nulo_obligatorio:tipo_via
synthetic_traffic,2487,nulo_obligatorio:tipo_via
synthetic_traffic,2488,nulo_obligatorio:tipo_via
synthetic_traffic,2489,nulo_obligatorio:tipo_via
synthetic_traffic,2490,nulo_obligatorio:tipo_via
synthetic_traffic,2491,nulo_obligatorio:tipo_via
synthetic_traffic,2492,nulo_obligatorio:tipo_via
synthetic_traffic,2493,nulo_obligatorio:tipo_via
synthetic_traffic,2494,nulo_obligatorio:tipo_via
synthetic_traffic,2495,nulo_obligatorio:tipo_via
synthetic_traffic,2496,nulo_obligatorio:tipo_via
synthetic_traffic,2497,nulo_obligatorio:tipo_via
synthetic_traffic,2498,nulo_obligatorio:tipo_via
synthetic_traffic,2499,nulo_obligatorio:tipo_via
synthetic_traffic,2500,nulo_obligatorio:tipo_via
synthetic_traffic,2501,nulo_obligatorio:tipo_via
synthetic_traffic,2502,nulo_obligatorio:tipo_via
synthetic_traffic,2503,nulo_obligatorio:tipo_via
synthetic_traffic,2504,nulo_obligatorio:tipo_via
synthetic_traffic,2505,nulo_obligatorio:tipo_via
synthetic_traffic,2506,nulo_obligatorio:tipo_via
synthetic_traffic,2507,nulo_obligatorio:tipo_via
synthetic_traffic,2508,nulo_obligatorio:tipo_via
synthetic_traffic,2509,nulo_obligatorio:tipo_via
synthetic_traffic,2510,nulo_obligatorio:tipo_via
synthetic_traffic,2511,nulo_obligatorio:tipo_via
synthetic_traffic,2512,nulo_obligatorio:tipo_via
synthetic_traffic,2513,nulo_obligatorio:tipo_via
synthetic_traffic,2514,nulo_obligatorio:tipo_via
synthetic_traffic,2515,nulo_obligatorio:tipo_via
synthetic_traffic,2516,nulo_obligatorio:tipo_via
synthetic_traffic,2517,nulo_obligatorio:tipo_via
synthetic_traffic,2518,nulo_obligatorio:tipo_via
synthetic_traffic,2519,nulo_obligatorio:tipo_via
synthetic_traffic,2520,nulo_obligatorio:tipo_via
synthetic_traffic,2521,nulo_obligatorio:tipo_via
synthetic_traffic,2522,nulo_obligatorio:tipo_via
synthetic_traffic,2523,nulo_obligatorio:tipo_via
synthetic_traffic,2524,nulo_obligatorio:tipo_via
synthetic_traffic,2525,nulo_obligatorio:tipo_via
synthetic_traffic,2526,nulo_obligatorio:tipo_via
synthetic_traffic,2527,nulo_obligatorio:tipo_via
synthetic_traffic,2528,nulo_obligatorio:tipo_via
synthetic_traffic,2529,nulo_obligatorio:tipo_via
synthetic_traffic,2530,nulo_obligatorio:tipo_via
synthetic_traffic,2531,nulo_obligatorio:tipo_via
synthetic_traffic,2532,nulo_obligatorio:tipo_via
synthetic_traffic,2533,nulo_obligatorio:tipo_via
synthetic_traffic,2534,nulo_obligatorio:tipo_via
synthetic_traffic,2535,nulo_obligatorio:tipo_via
synthetic_traffic,2536,nulo_obligatorio:tipo_via
synthetic_traffic,2537,nulo_obligatorio:tipo_via
synthetic_traffic,2538,nulo_obligatorio:tipo_via
synthetic_traffic,2539,nulo_obligatorio:tipo_via
synthetic_traffic,2540,nulo_obligatorio:tipo_via
synthetic_traffic,2541,nulo_obligatorio:tipo_via
synthetic_traffic,2542,nulo_obligatorio:tipo_via
synthetic_traffic,2543,nulo_obligatorio:tipo_via
synthetic_traffic,2544,nulo_obligatorio:tipo_via
synthetic_traffic,2545,nulo_obligatorio:tipo_via
synthetic_traffic,2546,nulo_obligatorio:tipo_via
synthetic_traffic,2547,nulo_obligatorio:tipo_via
synthetic_traffic,2548,nulo_obligatorio:tipo_via
synthetic_traffic,2549,nulo_obligatorio:tipo_via
synthetic_traffic,2550,nulo_obligatorio:tipo_via
synthetic_traffic,2551,nulo_obligatorio:tipo_via
synthetic_traffic,2552,nulo_obligatorio:tipo_via
synthetic_traffic,2553,nulo_obligatorio:tipo_via
synthetic_traffic,2554,nulo_obligatorio:tipo_via
synthetic_traffic,2555,nulo_obligatorio:tipo_via
synthetic_traffic,2556,nulo_obligatorio:tipo_via
synthetic_traffic,2557,nulo_obligatorio:tipo_via
synthetic_traffic,2558,nulo_obligatorio:tipo_via
synthetic_traffic,2559,nulo_obligatorio:tipo_via
synthetic_traffic,2560,nulo_obligatorio:tipo_via
synthetic_traffic,2561,nulo_obligatorio:tipo_via
synthetic_traffic,2562,nulo_obligatorio:tipo_via
synthetic_traffic,2563,nulo_obligatorio:tipo_via
synthetic_traffic,2564,nulo_obligatorio:tipo_via
synthetic_traffic,2565,nulo_obligatorio:tipo_via
synthetic_traffic,2566,nulo_obligatorio:tipo_via
synthetic_traffic,2567,nulo_obligatorio:tipo_via
synthetic_traffic,2568,nulo_obligatorio:tipo_via
synthetic_traffic,2569,nulo_obligatorio:tipo_via
synthetic_traffic,2570,nulo_obligatorio:tipo_via
synthetic_traffic,2571,nulo_obligatorio:tipo_via
synthetic_traffic,2572,nulo_obligatorio:tipo_via
synthetic_traffic,2573,nulo_obligatorio:tipo_via
synthetic_traffic,2574,nulo_obligatorio:tipo_via
synthetic_traffic,2575,nulo_obligatorio:tipo_via
synthetic_traffic,2576,nulo_obligatorio:tipo_via
synthetic_traffic,2577,nulo_obligatorio:tipo_via
synthetic_traffic,2578,nulo_obligatorio:tipo_via
synthetic_traffic,2579,nulo_obligatorio:tipo_via
synthetic_traffic,2580,nulo_obligatorio:tipo_via
synthetic_traffic,2581,nulo_obligatorio:tipo_via
synthetic_traffic,2582,nulo_obligatorio:tipo_via
synthetic_traffic,2583,nulo_obligatorio:tipo_via
synthetic_traffic,2584,nulo_obligatorio:tipo_via
synthetic_traffic,2585,nulo_obligatorio:tipo_via
synthetic_traffic,2586,nulo_obligatorio:tipo_via
synthetic_traffic,2587,nulo_obligatorio:tipo_via
synthetic_traffic,2588,nulo_obligatorio:tipo_via
synthetic_traffic,2589,nulo_obligatorio:tipo_via
synthetic_traffic,2590,nulo_obligatorio:tipo_via
synthetic_traffic,2591,nulo_obligatorio:tipo_via
synthetic_traffic,2592,nulo_obligatorio:tipo_via
synthetic_traffic,2593,nulo_obligatorio:tipo_via
synthetic_traffic,2594,nulo_obligatorio:tipo_via
synthetic_traffic,2595,nulo_obligatorio:tipo_via
synthetic_traffic,2596,nulo_obligatorio:tipo_via
synthetic_traffic,2597,nulo_obligatorio:tipo_via
synthetic_traffic,2598,nulo_obligatorio:tipo_via
synthetic_traffic,2599,nulo_obligatorio:tipo_via
synthetic_traffic,2600,nulo_obligatorio:tipo_via
synthetic_traffic,2601,nulo_obligatorio:tipo_via
synthetic_traffic,2602,nulo_obligatorio:tipo_via
synthetic_traffic,2603,nulo_obligatorio:tipo_via
synthetic_traffic,2604,nulo_obligatorio:tipo_via
synthetic_traffic,2605,nulo_obligatorio:tipo_via
synthetic_traffic,2606,nulo_obligatorio:tipo_via
synthetic_traffic,2607,nulo_obligatorio:tipo_via
synthetic_traffic,2608,nulo_obligatorio:tipo_via
synthetic_traffic,2609,nulo_obligatorio:tipo_via
synthetic_traffic,2610,nulo_obligatorio:tipo_via
synthetic_traffic,2611,nulo_obligatorio:tipo_via
synthetic_traffic,2612,nulo_obligatorio:tipo_via
synthetic_traffic,2613,nulo_obligatorio:tipo_via
synthetic_traffic,2614,nulo_obligatorio:tipo_via
synthetic_traffic,2615,nulo_obligatorio:tipo_via
synthetic_traffic,2616,nulo_obligatorio:tipo_via
synthetic_traffic,2617,nulo_obligatorio:tipo_via
synthetic_traffic,2618,nulo_obligatorio:tipo_via
synthetic_traffic,2619,nulo_obligatorio:tipo_via
synthetic_traffic,2620,nulo_obligatorio:tipo_via
synthetic_traffic,2621,nulo_obligatorio:tipo_via
synthetic_traffic,2622,nulo_obligatorio:tipo_via
synthetic_traffic,2623,nulo_obligatorio:tipo_via
synthetic_traffic,2624,nulo_obligatorio:tipo_via
synthetic_traffic,2625,nulo_obligatorio:tipo_via
synthetic_traffic,2626,nulo_obligatorio:tipo_via
synthetic_traffic,2627,nulo_obligatorio:tipo_via
synthetic_traffic,2628,nulo_obligatorio:tipo_via
synthetic_traffic,2629,nulo_obligatorio:tipo_via
synthetic_traffic,2630,nulo_obligatorio:tipo_via
synthetic_traffic,2631,nulo_obligatorio:tipo_via
synthetic_traffic,2632,nulo_obligatorio:tipo_via
synthetic_traffic,2633,nulo_obligatorio:tipo_via
synthetic_traffic,2634,nulo_obligatorio:tipo_via
synthetic_traffic,2635,nulo_obligatorio:tipo_via
synthetic_traffic,2636,nulo_obligatorio:tipo_via
synthetic_traffic,2637,nulo_obligatorio:tipo_via
synthetic_traffic,2638,nulo_obligatorio:tipo_via
synthetic_traffic,2639,nulo_obligatorio:tipo_via
synthetic_traffic,2640,nulo_obligatorio:tipo_via
synthetic_traffic,2641,nulo_obligatorio:tipo_via
synthetic_traffic,2642,nulo_obligatorio:tipo_via
synthetic_traffic,2643,nulo_obligatorio:tipo_via
synthetic_traffic,2644,nulo_obligatorio:tipo_via
synthetic_traffic,2645,nulo_obligatorio:tipo_via
synthetic_traffic,2646,nulo_obligatorio:tipo_via
synthetic_traffic,2647,nulo_obligatorio:tipo_via
synthetic_traffic,2648,nulo_obligatorio:tipo_via
synthetic_traffic,2649,nulo_obligatorio:tipo_via
synthetic_traffic,2650,nulo_obligatorio:tipo_via
synthetic_traffic,2651,nulo_obligatorio:tipo_via
synthetic_traffic,2652,nulo_obligatorio:tipo_via
synthetic_traffic,2653,nulo_obligatorio:tipo_via
synthetic_traffic,2654,nulo_obligatorio:tipo_via
synthetic_traffic,2655,nulo_obligatorio:tipo_via
synthetic_traffic,2656,nulo_obligatorio:tipo_via
synthetic_traffic,2657,nulo_obligatorio:tipo_via
synthetic_traffic,2658,nulo_obligatorio:tipo_via
synthetic_traffic,2659,nulo_obligatorio:tipo_via
synthetic_traffic,2660,nulo_obligatorio:tipo_via
synthetic_traffic,2661,nulo_obligatorio:tipo_via
synthetic_traffic,2662,nulo_obligatorio:tipo_via
synthetic_traffic,2663,nulo_obligatorio:tipo_via
synthetic_traffic,2664,nulo_obligatorio:tipo_via
synthetic_traffic,2665,nulo_obligatorio:tipo_via
synthetic_traffic,2666,nulo_obligatorio:tipo_via
synthetic_traffic,2667,nulo_obligatorio:tipo_via
synthetic_traffic,2668,nulo_obligatorio:tipo_via
synthetic_traffic,2669,nulo_obligatorio:tipo_via
synthetic_traffic,2670,nulo_obligatorio:tipo_via
synthetic_traffic,2671,nulo_obligatorio:tipo_via
synthetic_traffic,2672,nulo_obligatorio:tipo_via
synthetic_traffic,2673,nulo_obligatorio:tipo_via
synthetic_traffic,2674,nulo_obligatorio:tipo_via
synthetic_traffic,2675,nulo_obligatorio:tipo_via
synthetic_traffic,2676,nulo_obligatorio:tipo_via
synthetic_traffic,2677,nulo_obligatorio:tipo_via
synthetic_traffic,2678,nulo_obligatorio:tipo_via
synthetic_traffic,2679,nulo_obligatorio:tipo_via
synthetic_traffic,2680,nulo_obligatorio:tipo_via
synthetic_traffic,2681,nulo_obligatorio:tipo_via
synthetic_traffic,2682,nulo_obligatorio:tipo_via
synthetic_traffic,2683,nulo_obligatorio:tipo_via
synthetic_traffic,2684,nulo_obligatorio:tipo_via
synthetic_traffic,2685,nulo_obligatorio:tipo_via
synthetic_traffic,2686,nulo_obligatorio:tipo_via
synthetic_traffic,2687,nulo_obligatorio:tipo_via
synthetic_traffic,2688,nulo_obligatorio:tipo_via
synthetic_traffic,2689,nulo_obligatorio:tipo_via
synthetic_traffic,2690,nulo_obligatorio:tipo_via
synthetic_traffic,2691,nulo_obligatorio:tipo_via
synthetic_traffic,2692,nulo_obligatorio:tipo_via
synthetic_traffic,2693,nulo_obligatorio:tipo_via
synthetic_traffic,2694,nulo_obligatorio:tipo_via
synthetic_traffic,2695,nulo_obligatorio:tipo_via
synthetic_traffic,2696,nulo_obligatorio:tipo_via
synthetic_traffic,2697,nulo_obligatorio:tipo_via
synthetic_traffic,2698,nulo_obligatorio:tipo_via
synthetic_traffic,2699,nulo_obligatorio:tipo_via
synthetic_traffic,2700,nulo_obligatorio:tipo_via
synthetic_traffic,2701,nulo_obligatorio:tipo_via
synthetic_traffic,2702,nulo_obligatorio:tipo_via
synthetic_traffic,2703,nulo_obligatorio:tipo_via
synthetic_traffic,2704,nulo_obligatorio:tipo_via
synthetic_traffic,2705,nulo_obligatorio:tipo_via
synthetic_traffic,2706,nulo_obligatorio:tipo_via
synthetic_traffic,2707,nulo_obligatorio:tipo_via
synthetic_traffic,2708,nulo_obligatorio:tipo_via
synthetic_traffic,2709,nulo_obligatorio:tipo_via
synthetic_traffic,2710,nulo_obligatorio:tipo_via
synthetic_traffic,2711,nulo_obligatorio:tipo_via
synthetic_traffic,2712,nulo_obligatorio:tipo_via
synthetic_traffic,2713,nulo_obligatorio:tipo_via
synthetic_traffic,2714,nulo_obligatorio:tipo_via
synthetic_traffic,2715,nulo_obligatorio:tipo_via
synthetic_traffic,2716,nulo_obligatorio:tipo_via
synthetic_traffic,2717,nulo_obligatorio:tipo_via
synthetic_traffic,2718,nulo_obligatorio:tipo_via
synthetic_traffic,2719,nulo_obligatorio:tipo_via
synthetic_traffic,2720,nulo_obligatorio:tipo_via
synthetic_traffic,2721,nulo_obligatorio:tipo_via
synthetic_traffic,2722,nulo_obligatorio:tipo_via
synthetic_traffic,2723,nulo_obligatorio:tipo_via
synthetic_traffic,2724,nulo_obligatorio:tipo_via
synthetic_traffic,2725,nulo_obligatorio:tipo_via
synthetic_traffic,2726,nulo_obligatorio:tipo_via
synthetic_traffic,2727,nulo_obligatorio:tipo_via
synthetic_traffic,2728,nulo_obligatorio:tipo_via
synthetic_traffic,2729,nulo_obligatorio:tipo_via
synthetic_traffic,2730,nulo_obligatorio:tipo_via
synthetic_traffic,2731,nulo_obligatorio:tipo_via
synthetic_traffic,2732,nulo_obligatorio:tipo_via
synthetic_traffic,2733,nulo_obligatorio:tipo_via
synthetic_traffic,2734,nulo_obligatorio:tipo_via
synthetic_traffic,2735,nulo_obligatorio:tipo_via
synthetic_traffic,2736,nulo_obligatorio:tipo_via
synthetic_traffic,2737,nulo_obligatorio:tipo_via
synthetic_traffic,2738,nulo_obligatorio:tipo_via
synthetic_traffic,2739,nulo_obligatorio:tipo_via
synthetic_traffic,2740,nulo_obligatorio:tipo_via
synthetic_traffic,2741,nulo_obligatorio:tipo_via
synthetic_traffic,2742,nulo_obligatorio:tipo_via
synthetic_traffic,2743,nulo_obligatorio:tipo_via
synthetic_traffic,2744,nulo_obligatorio:tipo_via
synthetic_traffic,2745,nulo_obligatorio:tipo_via
synthetic_traffic,2746,nulo_obligatorio:tipo_via
synthetic_traffic,2747,nulo_obligatorio:tipo_via
synthetic_traffic,2748,nulo_obligatorio:tipo_via
synthetic_traffic,2749,nulo_obligatorio:tipo_via
synthetic_traffic,2750,nulo_obligatorio:tipo_via
synthetic_traffic,2751,nulo_obligatorio:tipo_via
synthetic_traffic,2752,nulo_obligatorio:tipo_via
synthetic_traffic,2753,nulo_obligatorio:tipo_via
synthetic_traffic,2754,nulo_obligatorio:tipo_via
synthetic_traffic,2755,nulo_obligatorio:tipo_via
synthetic_traffic,2756,nulo_obligatorio:tipo_via
synthetic_traffic,2757,nulo_obligatorio:tipo_via
synthetic_traffic,2758,nulo_obligatorio:tipo_via
synthetic_traffic,2759,nulo_obligatorio:tipo_via
synthetic_traffic,2760,nulo_obligatorio:tipo_via
synthetic_traffic,2761,nulo_obligatorio:tipo_via
synthetic_traffic,2762,nulo_obligatorio:tipo_via
synthetic_traffic,2763,nulo_obligatorio:tipo_via
synthetic_traffic,2764,nulo_obligatorio:tipo_via
synthetic_traffic,2765,nulo_obligatorio:tipo_via
synthetic_traffic,2766,nulo_obligatorio:tipo_via
synthetic_traffic,2767,nulo_obligatorio:tipo_via
synthetic_traffic,2768,nulo_obligatorio:tipo_via
synthetic_traffic,2769,nulo_obligatorio:tipo_via
synthetic_traffic,2770,nulo_obligatorio:tipo_via
synthetic_traffic,2771,nulo_obligatorio:tipo_via
synthetic_traffic,2772,nulo_obligatorio:tipo_via
synthetic_traffic,2773,nulo_obligatorio:tipo_via
synthetic_traffic,2774,nulo_obligatorio:tipo_via
synthetic_traffic,2775,nulo_obligatorio:tipo_via
synthetic_traffic,2776,nulo_obligatorio:tipo_via
synthetic_traffic,2777,nulo_obligatorio:tipo_via
synthetic_traffic,2778,nulo_obligatorio:tipo_via
synthetic_traffic,2779,nulo_obligatorio:tipo_via
synthetic_traffic,2780,nulo_obligatorio:tipo_via
synthetic_traffic,2781,nulo_obligatorio:tipo_via
synthetic_traffic,2782,nulo_obligatorio:tipo_via
synthetic_traffic,2783,nulo_obligatorio:tipo_via
synthetic_traffic,2784,nulo_obligatorio:tipo_via
synthetic_traffic,2785,nulo_obligatorio:tipo_via
synthetic_traffic,2786,nulo_obligatorio:tipo_via
synthetic_traffic,2787,nulo_obligatorio:tipo_via
synthetic_traffic,2788,nulo_obligatorio:tipo_via
synthetic_traffic,2789,nulo_obligatorio:tipo_via
synthetic_traffic,2790,nulo_obligatorio:tipo_via
synthetic_traffic,2791,nulo_obligatorio:tipo_via
synthetic_traffic,2792,nulo_obligatorio:tipo_via
synthetic_traffic,2793,nulo_obligatorio:tipo_via
synthetic_traffic,2794,nulo_obligatorio:tipo_via
synthetic_traffic,2795,nulo_obligatorio:tipo_via
synthetic_traffic,2796,nulo_obligatorio:tipo_via
synthetic_traffic,2797,nulo_obligatorio:tipo_via
synthetic_traffic,2798,nulo_obligatorio:tipo_via
synthetic_traffic,2799,nulo_obligatorio:tipo_via
synthetic_traffic,2800,nulo_obligatorio:tipo_via
synthetic_traffic,2801,nulo_obligatorio:tipo_via
synthetic_traffic,2802,nulo_obligatorio:tipo_via
synthetic_traffic,2803,nulo_obligatorio:tipo_via
synthetic_traffic,2804,nulo_obligatorio:tipo_via
synthetic_traffic,2805,nulo_obligatorio:tipo_via
synthetic_traffic,2806,nulo_obligatorio:tipo_via
synthetic_traffic,2807,nulo_obligatorio:tipo_via
synthetic_traffic,2808,nulo_obligatorio:tipo_via
synthetic_traffic,2809,nulo_obligatorio:tipo_via
synthetic_traffic,2810,nulo_obligatorio:tipo_via
synthetic_traffic,2811,nulo_obligatorio:tipo_via
synthetic_traffic,2812,nulo_obligatorio:tipo_via
synthetic_traffic,2813,nulo_obligatorio:tipo_via
synthetic_traffic,2814,nulo_obligatorio:tipo_via
synthetic_traffic,2815,nulo_obligatorio:tipo_via
synthetic_traffic,2816,nulo_obligatorio:tipo_via
synthetic_traffic,2817,nulo_obligatorio:tipo_via
synthetic_traffic,2818,nulo_obligatorio:tipo_via
synthetic_traffic,2819,nulo_obligatorio:tipo_via
synthetic_traffic,2820,nulo_obligatorio:tipo_via
synthetic_traffic,2821,nulo_obligatorio:tipo_via
synthetic_traffic,2822,nulo_obligatorio:tipo_via
synthetic_traffic,2823,nulo_obligatorio:tipo_via
synthetic_traffic,2824,nulo_obligatorio:tipo_via
synthetic_traffic,2825,nulo_obligatorio:tipo_via
synthetic_traffic,2826,nulo_obligatorio:tipo_via
synthetic_traffic,2827,nulo_obligatorio:tipo_via
synthetic_traffic,2828,nulo_obligatorio:tipo_via
synthetic_traffic,2829,nulo_obligatorio:tipo_via
synthetic_traffic,2830,nulo_obligatorio:tipo_via
synthetic_traffic,2831,nulo_obligatorio:tipo_via
synthetic_traffic,2832,nulo_obligatorio:tipo_via
synthetic_traffic,2833,nulo_obligatorio:tipo_via
synthetic_traffic,2834,nulo_obligatorio:tipo_via
synthetic_traffic,2835,nulo_obligatorio:tipo_via
synthetic_traffic,2836,nulo_obligatorio:tipo_via
synthetic_traffic,2837,nulo_obligatorio:tipo_via
synthetic_traffic,2838,nulo_obligatorio:tipo_via
synthetic_traffic,2839,nulo_obligatorio:tipo_via
synthetic_traffic,2840,nulo_obligatorio:tipo_via
synthetic_traffic,2841,nulo_obligatorio:tipo_via
synthetic_traffic,2842,nulo_obligatorio:tipo_via
synthetic_traffic,2843,nulo_obligatorio:tipo_via
synthetic_traffic,2844,nulo_obligatorio:tipo_via
synthetic_traffic,2845,nulo_obligatorio:tipo_via
synthetic_traffic,2846,nulo_obligatorio:tipo_via
synthetic_traffic,2847,nulo_obligatorio:tipo_via
synthetic_traffic,2848,nulo_obligatorio:tipo_via
synthetic_traffic,2849,nulo_obligatorio:tipo_via
synthetic_traffic,2850,nulo_obligatorio:tipo_via
synthetic_traffic,2851,nulo_obligatorio:tipo_via
synthetic_traffic,2852,nulo_obligatorio:tipo_via
synthetic_traffic,2853,nulo_obligatorio:tipo_via
synthetic_traffic,2854,nulo_obligatorio:tipo_via
synthetic_traffic,2855,nulo_obligatorio:tipo_via
synthetic_traffic,2856,nulo_obligatorio:tipo_via
synthetic_traffic,2857,nulo_obligatorio:tipo_via
synthetic_traffic,2858,nulo_obligatorio:tipo_via
synthetic_traffic,2859,nulo_obligatorio:tipo_via
synthetic_traffic,2860,nulo_obligatorio:tipo_via
synthetic_traffic,2861,nulo_obligatorio:tipo_via
synthetic_traffic,2862,nulo_obligatorio:tipo_via
synthetic_traffic,2863,nulo_obligatorio:tipo_via
synthetic_traffic,2864,nulo_obligatorio:tipo_via
synthetic_traffic,2865,nulo_obligatorio:tipo_via
synthetic_traffic,2866,nulo_obligatorio:tipo_via
synthetic_traffic,2867,nulo_obligatorio:tipo_via
synthetic_traffic,2868,nulo_obligatorio:tipo_via
synthetic_traffic,2869,nulo_obligatorio:tipo_via
synthetic_traffic,2870,nulo_obligatorio:tipo_via
synthetic_traffic,2871,nulo_obligatorio:tipo_via
synthetic_traffic,2872,nulo_obligatorio:tipo_via
synthetic_traffic,2873,nulo_obligatorio:tipo_via
synthetic_traffic,2874,nulo_obligatorio:tipo_via
synthetic_traffic,2875,nulo_obligatorio:tipo_via
synthetic_traffic,2876,nulo_obligatorio:tipo_via
synthetic_traffic,2877,nulo_obligatorio:tipo_via
synthetic_traffic,2878,nulo_obligatorio:tipo_via
synthetic_traffic,2879,nulo_obligatorio:tipo_via
synthetic_traffic,2880,nulo_obligatorio:tipo_via
synthetic_traffic,2881,nulo_obligatorio:tipo_via
synthetic_traffic,2882,nulo_obligatorio:tipo_via
synthetic_traffic,2883,nulo_obligatorio:tipo_via
synthetic_traffic,2884,nulo_obligatorio:tipo_via
synthetic_traffic,2885,nulo_obligatorio:tipo_via
synthetic_traffic,2886,nulo_obligatorio:tipo_via
synthetic_traffic,2887,nulo_obligatorio:tipo_via
synthetic_traffic,2888,nulo_obligatorio:tipo_via
synthetic_traffic,2889,nulo_obligatorio:tipo_via
synthetic_traffic,2890,nulo_obligatorio:tipo_via
synthetic_traffic,2891,nulo_obligatorio:tipo_via
synthetic_traffic,2892,nulo_obligatorio:tipo_via
synthetic_traffic,2893,nulo_obligatorio:tipo_via
synthetic_traffic,2894,nulo_obligatorio:tipo_via
synthetic_traffic,2895,nulo_obligatorio:tipo_via
synthetic_traffic,2896,nulo_obligatorio:tipo_via
synthetic_traffic,2897,nulo_obligatorio:tipo_via
synthetic_traffic,2898,nulo_obligatorio:tipo_via
synthetic_traffic,2899,nulo_obligatorio:tipo_via
synthetic_traffic,2900,nulo_obligatorio:tipo_via
synthetic_traffic,2901,nulo_obligatorio:tipo_via
synthetic_traffic,2902,nulo_obligatorio:tipo_via
synthetic_traffic,2903,nulo_obligatorio:tipo_via
synthetic_traffic,2904,nulo_obligatorio:tipo_via
synthetic_traffic,2905,nulo_obligatorio:tipo_via
synthetic_traffic,2906,nulo_obligatorio:tipo_via
synthetic_traffic,2907,nulo_obligatorio:tipo_via
synthetic_traffic,2908,nulo_obligatorio:tipo_via
synthetic_traffic,2909,nulo_obligatorio:tipo_via
synthetic_traffic,2910,nulo_obligatorio:tipo_via
synthetic_traffic,2911,nulo_obligatorio:tipo_via
synthetic_traffic,2912,nulo_obligatorio:tipo_via
synthetic_traffic,2913,nulo_obligatorio:tipo_via
synthetic_traffic,2914,nulo_obligatorio:tipo_via
synthetic_traffic,2915,nulo_obligatorio:tipo_via
synthetic_traffic,2916,nulo_obligatorio:tipo_via
synthetic_traffic,2917,nulo_obligatorio:tipo_via
synthetic_traffic,2918,nulo_obligatorio:tipo_via
synthetic_traffic,2919,nulo_obligatorio:tipo_via
synthetic_traffic,2920,nulo_obligatorio:tipo_via
synthetic_traffic,2921,nulo_obligatorio:tipo_via
synthetic_traffic,2922,nulo_obligatorio:tipo_via
synthetic_traffic,2923,nulo_obligatorio:tipo_via
synthetic_traffic,2924,nulo_obligatorio:tipo_via
synthetic_traffic,2925,nulo_obligatorio:tipo_via
synthetic_traffic,2926,nulo_obligatorio:tipo_via
synthetic_traffic,2927,nulo_obligatorio:tipo_via
synthetic_traffic,2928,nulo_obligatorio:tipo_via
synthetic_traffic,2929,nulo_obligatorio:tipo_via
synthetic_traffic,2930,nulo_obligatorio:tipo_via
synthetic_traffic,2931,nulo_obligatorio:tipo_via
synthetic_traffic,2932,nulo_obligatorio:tipo_via
synthetic_traffic,2933,nulo_obligatorio:tipo_via
synthetic_traffic,2934,nulo_obligatorio:tipo_via
synthetic_traffic,2935,nulo_obligatorio:tipo_via
synthetic_traffic,2936,nulo_obligatorio:tipo_via
synthetic_traffic,2937,nulo_obligatorio:tipo_via
synthetic_traffic,2938,nulo_obligatorio:tipo_via
synthetic_traffic,2939,nulo_obligatorio:tipo_via
synthetic_traffic,2940,nulo_obligatorio:tipo_via
synthetic_traffic,2941,nulo_obligatorio:tipo_via
synthetic_traffic,2942,nulo_obligatorio:tipo_via
synthetic_traffic,2943,nulo_obligatorio:tipo_via
synthetic_traffic,2944,nulo_obligatorio:tipo_via
synthetic_traffic,2945,nulo_obligatorio:tipo_via
synthetic_traffic,2946,nulo_obligatorio:tipo_via
synthetic_traffic,2947,nulo_obligatorio:tipo_via
synthetic_traffic,2948,nulo_obligatorio:tipo_via
synthetic_traffic,2949,nulo_obligatorio:tipo_via
synthetic_traffic,2950,nulo_obligatorio:tipo_via
synthetic_traffic,2951,nulo_obligatorio:tipo_via
synthetic_traffic,2952,nulo_obligatorio:tipo_via
synthetic_traffic,2953,nulo_obligatorio:tipo_via
synthetic_traffic,2954,nulo_obligatorio:tipo_via
synthetic_traffic,2955,nulo_obligatorio:tipo_via
synthetic_traffic,2956,nulo_obligatorio:tipo_via
synthetic_traffic,2957,nulo_obligatorio:tipo_via
synthetic_traffic,2958,nulo_obligatorio:tipo_via
synthetic_traffic,2959,nulo_obligatorio:tipo_via
synthetic_traffic,2960,nulo_obligatorio:tipo_via
synthetic_traffic,2961,nulo_obligatorio:tipo_via
synthetic_traffic,2962,nulo_obligatorio:tipo_via
synthetic_traffic,2963,nulo_obligatorio:tipo_via
synthetic_traffic,2964,nulo_obligatorio:tipo_via
synthetic_traffic,2965,nulo_obligatorio:tipo_via
synthetic_traffic,2966,nulo_obligatorio:tipo_via
synthetic_traffic,2967,nulo_obligatorio:tipo_via
synthetic_traffic,2968,nulo_obligatorio:tipo_via
synthetic_traffic,2969,nulo_obligatorio:tipo_via
synthetic_traffic,2970,nulo_obligatorio:tipo_via
synthetic_traffic,2971,nulo_obligatorio:tipo_via
synthetic_traffic,2972,nulo_obligatorio:tipo_via
synthetic_traffic,2973,nulo_obligatorio:tipo_via
synthetic_traffic,2974,nulo_obligatorio:tipo_via
synthetic_traffic,2975,nulo_obligatorio:tipo_via
synthetic_traffic,2976,nulo_obligatorio:tipo_via
synthetic_traffic,2977,nulo_obligatorio:tipo_via
synthetic_traffic,2978,nulo_obligatorio:tipo_via
synthetic_traffic,2979,nulo_obligatorio:tipo_via
synthetic_traffic,2980,nulo_obligatorio:tipo_via
synthetic_traffic,2981,nulo_obligatorio:tipo_via
synthetic_traffic,2982,nulo_obligatorio:tipo_via
synthetic_traffic,2983,nulo_obligatorio:tipo_via
synthetic_traffic,2984,nulo_obligatorio:tipo_via
synthetic_traffic,2985,nulo_obligatorio:tipo_via
synthetic_traffic,2986,nulo_obligatorio:tipo_via
synthetic_traffic,2987,nulo_obligatorio:tipo_via
synthetic_traffic,2988,nulo_obligatorio:tipo_via
synthetic_traffic,2989,nulo_obligatorio:tipo_via
synthetic_traffic,2990,nulo_obligatorio:tipo_via
synthetic_traffic,2991,nulo_obligatorio:tipo_via
synthetic_traffic,2992,nulo_obligatorio:tipo_via
synthetic_traffic,2993,nulo_obligatorio:tipo_via
synthetic_traffic,2994,nulo_obligatorio:tipo_via
synthetic_traffic,2995,nulo_obligatorio:tipo_via
synthetic_traffic,2996,nulo_obligatorio:tipo_via
synthetic_traffic,2997,nulo_obligatorio:tipo_via
synthetic_traffic,2998,nulo_obligatorio:tipo_via
synthetic_traffic,2999,nulo_obligatorio:tipo_via
synthetic_traffic,3000,nulo_obligatorio:tipo_via
synthetic_traffic,3001,nulo_obligatorio:tipo_via
synthetic_traffic,3002,nulo_obligatorio:tipo_via
synthetic_traffic,3003,nulo_obligatorio:tipo_via
synthetic_traffic,3004,nulo_obligatorio:tipo_via
synthetic_traffic,3005,nulo_obligatorio:tipo_via
synthetic_traffic,3006,nulo_obligatorio:tipo_via
synthetic_traffic,3007,nulo_obligatorio:tipo_via
synthetic_traffic,3008,nulo_obligatorio:tipo_via
synthetic_traffic,3009,nulo_obligatorio:tipo_via
synthetic_traffic,3010,nulo_obligatorio:tipo_via
synthetic_traffic,3011,nulo_obligatorio:tipo_via
synthetic_traffic,3012,nulo_obligatorio:tipo_via
synthetic_traffic,3013,nulo_obligatorio:tipo_via
synthetic_traffic,3014,nulo_obligatorio:tipo_via
synthetic_traffic,3015,nulo_obligatorio:tipo_via
synthetic_traffic,3016,nulo_obligatorio:tipo_via
synthetic_traffic,3017,nulo_obligatorio:tipo_via
synthetic_traffic,3018,nulo_obligatorio:tipo_via
synthetic_traffic,3019,nulo_obligatorio:tipo_via
synthetic_traffic,3020,nulo_obligatorio:tipo_via
synthetic_traffic,3021,nulo_obligatorio:tipo_via
synthetic_traffic,3022,nulo_obligatorio:tipo_via
synthetic_traffic,3023,nulo_obligatorio:tipo_via
synthetic_traffic,3024,nulo_obligatorio:tipo_via
synthetic_traffic,3025,nulo_obligatorio:tipo_via
synthetic_traffic,3026,nulo_obligatorio:tipo_via
synthetic_traffic,3027,nulo_obligatorio:tipo_via
synthetic_traffic,3028,nulo_obligatorio:tipo_via
synthetic_traffic,3029,nulo_obligatorio:tipo_via
synthetic_traffic,3030,nulo_obligatorio:tipo_via
synthetic_traffic,3031,nulo_obligatorio:tipo_via
synthetic_traffic,3032,nulo_obligatorio:tipo_via
synthetic_traffic,3033,nulo_obligatorio:tipo_via
synthetic_traffic,3034,nulo_obligatorio:tipo_via
synthetic_traffic,3035,nulo_obligatorio:tipo_via
synthetic_traffic,3036,nulo_obligatorio:tipo_via
synthetic_traffic,3037,nulo_obligatorio:tipo_via
synthetic_traffic,3038,nulo_obligatorio:tipo_via
synthetic_traffic,3039,nulo_obligatorio:tipo_via
synthetic_traffic,3040,nulo_obligatorio:tipo_via
synthetic_traffic,3041,nulo_obligatorio:tipo_via
synthetic_traffic,3042,nulo_obligatorio:tipo_via
synthetic_traffic,3043,nulo_obligatorio:tipo_via
synthetic_traffic,3044,nulo_obligatorio:tipo_via
synthetic_traffic,3045,nulo_obligatorio:tipo_via
synthetic_traffic,3046,nulo_obligatorio:tipo_via
synthetic_traffic,3047,nulo_obligatorio:tipo_via
synthetic_traffic,3048,nulo_obligatorio:tipo_via
synthetic_traffic,3049,nulo_obligatorio:tipo_via
synthetic_traffic,3050,nulo_obligatorio:tipo_via
synthetic_traffic,3051,nulo_obligatorio:tipo_via
synthetic_traffic,3052,nulo_obligatorio:tipo_via
synthetic_traffic,3053,nulo_obligatorio:tipo_via
synthetic_traffic,3054,nulo_obligatorio:tipo_via
synthetic_traffic,3055,nulo_obligatorio:tipo_via
synthetic_traffic,3056,nulo_obligatorio:tipo_via
synthetic_traffic,3057,nulo_obligatorio:tipo_via
synthetic_traffic,3058,nulo_obligatorio:tipo_via
synthetic_traffic,3059,nulo_obligatorio:tipo_via
synthetic_traffic,3060,nulo_obligatorio:tipo_via
synthetic_traffic,3061,nulo_obligatorio:tipo_via
synthetic_traffic,3062,nulo_obligatorio:tipo_via
synthetic_traffic,3063,nulo_obligatorio:tipo_via
synthetic_traffic,3064,nulo_obligatorio:tipo_via
synthetic_traffic,3065,nulo_obligatorio:tipo_via
synthetic_traffic,3066,nulo_obligatorio:tipo_via
synthetic_traffic,3067,nulo_obligatorio:tipo_via
synthetic_traffic,3068,nulo_obligatorio:tipo_via
synthetic_traffic,3069,nulo_obligatorio:tipo_via
synthetic_traffic,3070,nulo_obligatorio:tipo_via
synthetic_traffic,3071,nulo_obligatorio:tipo_via
synthetic_traffic,3072,nulo_obligatorio:tipo_via
synthetic_traffic,3073,nulo_obligatorio:tipo_via
synthetic_traffic,3074,nulo_obligatorio:tipo_via
synthetic_traffic,3075,nulo_obligatorio:tipo_via
synthetic_traffic,3076,nulo_obligatorio:tipo_via
synthetic_traffic,3077,nulo_obligatorio:tipo_via
synthetic_traffic,3078,nulo_obligatorio:tipo_via
synthetic_traffic,3079,nulo_obligatorio:tipo_via
synthetic_traffic,3080,nulo_obligatorio:tipo_via
synthetic_traffic,3081,nulo_obligatorio:tipo_via
synthetic_traffic,3082,nulo_obligatorio:tipo_via
synthetic_traffic,3083,nulo_obligatorio:tipo_via
synthetic_traffic,3084,nulo_obligatorio:tipo_via
synthetic_traffic,3085,nulo_obligatorio:tipo_via
synthetic_traffic,3086,nulo_obligatorio:tipo_via
synthetic_traffic,3087,nulo_obligatorio:tipo_via
synthetic_traffic,3088,nulo_obligatorio:tipo_via
synthetic_traffic,3089,nulo_obligatorio:tipo_via
synthetic_traffic,3090,nulo_obligatorio:tipo_via
synthetic_traffic,3091,nulo_obligatorio:tipo_via
synthetic_traffic,3092,nulo_obligatorio:tipo_via
synthetic_traffic,3093,nulo_obligatorio:tipo_via
synthetic_traffic,3094,nulo_obligatorio:tipo_via
synthetic_traffic,3095,nulo_obligatorio:tipo_via
synthetic_traffic,3096,nulo_obligatorio:tipo_via
synthetic_traffic,3097,nulo_obligatorio:tipo_via
synthetic_traffic,3098,nulo_obligatorio:tipo_via
synthetic_traffic,3099,nulo_obligatorio:tipo_via
synthetic_traffic,3100,nulo_obligatorio:tipo_via
synthetic_traffic,3101,nulo_obligatorio:tipo_via
synthetic_traffic,3102,nulo_obligatorio:tipo_via
synthetic_traffic,3103,nulo_obligatorio:tipo_via
synthetic_traffic,3104,nulo_obligatorio:tipo_via
synthetic_traffic,3105,nulo_obligatorio:tipo_via
synthetic_traffic,3106,nulo_obligatorio:tipo_via
synthetic_traffic,3107,nulo_obligatorio:tipo_via
synthetic_traffic,3108,nulo_obligatorio:tipo_via
synthetic_traffic,3109,nulo_obligatorio:tipo_via
synthetic_traffic,3110,nulo_obligatorio:tipo_via
synthetic_traffic,3111,nulo_obligatorio:tipo_via
synthetic_traffic,3112,nulo_obligatorio:tipo_via
synthetic_traffic,3113,nulo_obligatorio:tipo_via
synthetic_traffic,3114,nulo_obligatorio:tipo_via
synthetic_traffic,3115,nulo_obligatorio:tipo_via
synthetic_traffic,3116,nulo_obligatorio:tipo_via
synthetic_traffic,3117,nulo_obligatorio:tipo_via
synthetic_traffic,3118,nulo_obligatorio:tipo_via
synthetic_traffic,3119,nulo_obligatorio:tipo_via
synthetic_traffic,3120,nulo_obligatorio:tipo_via
synthetic_traffic,3121,nulo_obligatorio:tipo_via
synthetic_traffic,3122,nulo_obligatorio:tipo_via
synthetic_traffic,3123,nulo_obligatorio:tipo_via
synthetic_traffic,3124,nulo_obligatorio:tipo_via
synthetic_traffic,3125,nulo_obligatorio:tipo_via
synthetic_traffic,3126,nulo_obligatorio:tipo_via
synthetic_traffic,3127,nulo_obligatorio:tipo_via
synthetic_traffic,3128,nulo_obligatorio:tipo_via
synthetic_traffic,3129,nulo_obligatorio:tipo_via
synthetic_traffic,3130,nulo_obligatorio:tipo_via
synthetic_traffic,3131,nulo_obligatorio:tipo_via
synthetic_traffic,3132,nulo_obligatorio:tipo_via
synthetic_traffic,3133,nulo_obligatorio:tipo_via
synthetic_traffic,3134,nulo_obligatorio:tipo_via
synthetic_traffic,3135,nulo_obligatorio:tipo_via
synthetic_traffic,3136,nulo_obligatorio:tipo_via
synthetic_traffic,3137,nulo_obligatorio:tipo_via
synthetic_traffic,3138,nulo_obligatorio:tipo_via
synthetic_traffic,3139,nulo_obligatorio:tipo_via
synthetic_traffic,3140,nulo_obligatorio:tipo_via
synthetic_traffic,3141,nulo_obligatorio:tipo_via
synthetic_traffic,3142,nulo_obligatorio:tipo_via
synthetic_traffic,3143,nulo_obligatorio:tipo_via
synthetic_traffic,3144,nulo_obligatorio:tipo_via
synthetic_traffic,3145,nulo_obligatorio:tipo_via
synthetic_traffic,3146,nulo_obligatorio:tipo_via
synthetic_traffic,3147,nulo_obligatorio:tipo_via
synthetic_traffic,3148,nulo_obligatorio:tipo_via
synthetic_traffic,3149,nulo_obligatorio:tipo_via
synthetic_traffic,3150,nulo_obligatorio:tipo_via
synthetic_traffic,3151,nulo_obligatorio:tipo_via
synthetic_traffic,3152,nulo_obligatorio:tipo_via
synthetic_traffic,3153,nulo_obligatorio:tipo_via
synthetic_traffic,3154,nulo_obligatorio:tipo_via
synthetic_traffic,3155,nulo_obligatorio:tipo_via
synthetic_traffic,3156,nulo_obligatorio:tipo_via
synthetic_traffic,3157,nulo_obligatorio:tipo_via
synthetic_traffic,3158,nulo_obligatorio:tipo_via
synthetic_traffic,3159,nulo_obligatorio:tipo_via
synthetic_traffic,3160,nulo_obligatorio:tipo_via
synthetic_traffic,3161,nulo_obligatorio:tipo_via
synthetic_traffic,3162,nulo_obligatorio:tipo_via
synthetic_traffic,3163,nulo_obligatorio:tipo_via
synthetic_traffic,3164,nulo_obligatorio:tipo_via
synthetic_traffic,3165,nulo_obligatorio:tipo_via
synthetic_traffic,3166,nulo_obligatorio:tipo_via
synthetic_traffic,3167,nulo_obligatorio:tipo_via
synthetic_traffic,3168,nulo_obligatorio:tipo_via
synthetic_traffic,3169,nulo_obligatorio:tipo_via
synthetic_traffic,3170,nulo_obligatorio:tipo_via
synthetic_traffic,3171,nulo_obligatorio:tipo_via
synthetic_traffic,3172,nulo_obligatorio:tipo_via
synthetic_traffic,3173,nulo_obligatorio:tipo_via
synthetic_traffic,3174,nulo_obligatorio:tipo_via
synthetic_traffic,3175,nulo_obligatorio:tipo_via
synthetic_traffic,3176,nulo_obligatorio:tipo_via
synthetic_traffic,3177,nulo_obligatorio:tipo_via
synthetic_traffic,3178,nulo_obligatorio:tipo_via
synthetic_traffic,3179,nulo_obligatorio:tipo_via
synthetic_traffic,3180,nulo_obligatorio:tipo_via
synthetic_traffic,3181,nulo_obligatorio:tipo_via
synthetic_traffic,3182,nulo_obligatorio:tipo_via
synthetic_traffic,3183,nulo_obligatorio:tipo_via
synthetic_traffic,3184,nulo_obligatorio:tipo_via
synthetic_traffic,3185,nulo_obligatorio:tipo_via
synthetic_traffic,3186,nulo_obligatorio:tipo_via
synthetic_traffic,3187,nulo_obligatorio:tipo_via
synthetic_traffic,3188,nulo_obligatorio:tipo_via
synthetic_traffic,3189,nulo_obligatorio:tipo_via
synthetic_traffic,3190,nulo_obligatorio:tipo_via
synthetic_traffic,3191,nulo_obligatorio:tipo_via
synthetic_traffic,3192,nulo_obligatorio:tipo_via
synthetic_traffic,3193,nulo_obligatorio:tipo_via
synthetic_traffic,3194,nulo_obligatorio:tipo_via
synthetic_traffic,3195,nulo_obligatorio:tipo_via
synthetic_traffic,3196,nulo_obligatorio:tipo_via
synthetic_traffic,3197,nulo_obligatorio:tipo_via
synthetic_traffic,3198,nulo_obligatorio:tipo_via
synthetic_traffic,3199,nulo_obligatorio:tipo_via
synthetic_traffic,3200,nulo_obligatorio:tipo_via
synthetic_traffic,3201,nulo_obligatorio:tipo_via
synthetic_traffic,3202,nulo_obligatorio:tipo_via
synthetic_traffic,3203,nulo_obligatorio:tipo_via
synthetic_traffic,3204,nulo_obligatorio:tipo_via
synthetic_traffic,3205,nulo_obligatorio:tipo_via
synthetic_traffic,3206,nulo_obligatorio:tipo_via
synthetic_traffic,3207,nulo_obligatorio:tipo_via
synthetic_traffic,3208,nulo_obligatorio:tipo_via
synthetic_traffic,3209,nulo_obligatorio:tipo_via
synthetic_traffic,3210,nulo_obligatorio:tipo_via
synthetic_traffic,3211,nulo_obligatorio:tipo_via
synthetic_traffic,3212,nulo_obligatorio:tipo_via
synthetic_traffic,3213,nulo_obligatorio:tipo_via
synthetic_traffic,3214,nulo_obligatorio:tipo_via
synthetic_traffic,3215,nulo_obligatorio:tipo_via
synthetic_traffic,3216,nulo_obligatorio:tipo_via
synthetic_traffic,3217,nulo_obligatorio:tipo_via
synthetic_traffic,3218,nulo_obligatorio:tipo_via
synthetic_traffic,3219,nulo_obligatorio:tipo_via
synthetic_traffic,3220,nulo_obligatorio:tipo_via
synthetic_traffic,3221,nulo_obligatorio:tipo_via
synthetic_traffic,3222,nulo_obligatorio:tipo_via
synthetic_traffic,3223,nulo_obligatorio:tipo_via
synthetic_traffic,3224,nulo_obligatorio:tipo_via
synthetic_traffic,3225,nulo_obligatorio:tipo_via
synthetic_traffic,3226,nulo_obligatorio:tipo_via
synthetic_traffic,3227,nulo_obligatorio:tipo_via
synthetic_traffic,3228,nulo_obligatorio:tipo_via
synthetic_traffic,3229,nulo_obligatorio:tipo_via
synthetic_traffic,3230,nulo_obligatorio:tipo_via
synthetic_traffic,3231,nulo_obligatorio:tipo_via
synthetic_traffic,3232,nulo_obligatorio:tipo_via
synthetic_traffic,3233,nulo_obligatorio:tipo_via
synthetic_traffic,3234,nulo_obligatorio:tipo_via
synthetic_traffic,3235,nulo_obligatorio:tipo_via
synthetic_traffic,3236,nulo_obligatorio:tipo_via
synthetic_traffic,3237,nulo_obligatorio:tipo_via
synthetic_traffic,3238,nulo_obligatorio:tipo_via
synthetic_traffic,3239,nulo_obligatorio:tipo_via
synthetic_traffic,3240,nulo_obligatorio:tipo_via
synthetic_traffic,3241,nulo_obligatorio:tipo_via
synthetic_traffic,3242,nulo_obligatorio:tipo_via
synthetic_traffic,3243,nulo_obligatorio:tipo_via
synthetic_traffic,3244,nulo_obligatorio:tipo_via
synthetic_traffic,3245,nulo_obligatorio:tipo_via
synthetic_traffic,3246,nulo_obligatorio:tipo_via
synthetic_traffic,3247,nulo_obligatorio:tipo_via
synthetic_traffic,3248,nulo_obligatorio:tipo_via
synthetic_traffic,3249,nulo_obligatorio:tipo_via
synthetic_traffic,3250,nulo_obligatorio:tipo_via
synthetic_traffic,3251,nulo_obligatorio:tipo_via
synthetic_traffic,3252,nulo_obligatorio:tipo_via
synthetic_traffic,3253,nulo_obligatorio:tipo_via
synthetic_traffic,3254,nulo_obligatorio:tipo_via
synthetic_traffic,3255,nulo_obligatorio:tipo_via
synthetic_traffic,3256,nulo_obligatorio:tipo_via
synthetic_traffic,3257,nulo_obligatorio:tipo_via
synthetic_traffic,3258,nulo_obligatorio:tipo_via
synthetic_traffic,3259,nulo_obligatorio:tipo_via
synthetic_traffic,3260,nulo_obligatorio:tipo_via
synthetic_traffic,3261,nulo_obligatorio:tipo_via
synthetic_traffic,3262,nulo_obligatorio:tipo_via
synthetic_traffic,3263,nulo_obligatorio:tipo_via
synthetic_traffic,3264,nulo_obligatorio:tipo_via
synthetic_traffic,3265,nulo_obligatorio:tipo_via
synthetic_traffic,3266,nulo_obligatorio:tipo_via
synthetic_traffic,3267,nulo_obligatorio:tipo_via
synthetic_traffic,3268,nulo_obligatorio:tipo_via
synthetic_traffic,3269,nulo_obligatorio:tipo_via
synthetic_traffic,3270,nulo_obligatorio:tipo_via
synthetic_traffic,3271,nulo_obligatorio:tipo_via
synthetic_traffic,3272,nulo_obligatorio:tipo_via
synthetic_traffic,3273,nulo_obligatorio:tipo_via
synthetic_traffic,3274,nulo_obligatorio:tipo_via
synthetic_traffic,3275,nulo_obligatorio:tipo_via
synthetic_traffic,3276,nulo_obligatorio:tipo_via
synthetic_traffic,3277,nulo_obligatorio:tipo_via
synthetic_traffic,3278,nulo_obligatorio:tipo_via
synthetic_traffic,3279,nulo_obligatorio:tipo_via
synthetic_traffic,3280,nulo_obligatorio:tipo_via
synthetic_traffic,3281,nulo_obligatorio:tipo_via
synthetic_traffic,3282,nulo_obligatorio:tipo_via
synthetic_traffic,3283,nulo_obligatorio:tipo_via
synthetic_traffic,3284,nulo_obligatorio:tipo_via
synthetic_traffic,3285,nulo_obligatorio:tipo_via
synthetic_traffic,3286,nulo_obligatorio:tipo_via
synthetic_traffic,3287,nulo_obligatorio:tipo_via
synthetic_traffic,3288,nulo_obligatorio:tipo_via
synthetic_traffic,3289,nulo_obligatorio:tipo_via
synthetic_traffic,3290,nulo_obligatorio:tipo_via
synthetic_traffic,3291,nulo_obligatorio:tipo_via
synthetic_traffic,3292,nulo_obligatorio:tipo_via
synthetic_traffic,3293,nulo_obligatorio:tipo_via
synthetic_traffic,3294,nulo_obligatorio:tipo_via
synthetic_traffic,3295,nulo_obligatorio:tipo_via
synthetic_traffic,3296,nulo_obligatorio:tipo_via
synthetic_traffic,3297,nulo_obligatorio:tipo_via
synthetic_traffic,3298,nulo_obligatorio:tipo_via
synthetic_traffic,3299,nulo_obligatorio:tipo_via
synthetic_traffic,3300,nulo_obligatorio:tipo_via
synthetic_traffic,3301,nulo_obligatorio:tipo_via
synthetic_traffic,3302,nulo_obligatorio:tipo_via
synthetic_traffic,3303,nulo_obligatorio:tipo_via
synthetic_traffic,3304,nulo_obligatorio:tipo_via
synthetic_traffic,3305,nulo_obligatorio:tipo_via
synthetic_traffic,3306,nulo_obligatorio:tipo_via
synthetic_traffic,3307,nulo_obligatorio:tipo_via
synthetic_traffic,3308,nulo_obligatorio:tipo_via
synthetic_traffic,3309,nulo_obligatorio:tipo_via
synthetic_traffic,3310,nulo_obligatorio:tipo_via
synthetic_traffic,3311,nulo_obligatorio:tipo_via
synthetic_traffic,3312,nulo_obligatorio:tipo_via
synthetic_traffic,3313,nulo_obligatorio:tipo_via
synthetic_traffic,3314,nulo_obligatorio:tipo_via
synthetic_traffic,3315,nulo_obligatorio:tipo_via
synthetic_traffic,3316,nulo_obligatorio:tipo_via
synthetic_traffic,3317,nulo_obligatorio:tipo_via
synthetic_traffic,3318,nulo_obligatorio:tipo_via
synthetic_traffic,3319,nulo_obligatorio:tipo_via
synthetic_traffic,3320,nulo_obligatorio:tipo_via
synthetic_traffic,3321,nulo_obligatorio:tipo_via
synthetic_traffic,3322,nulo_obligatorio:tipo_via
synthetic_traffic,3323,nulo_obligatorio:tipo_via
synthetic_traffic,3324,nulo_obligatorio:tipo_via
synthetic_traffic,3325,nulo_obligatorio:tipo_via
synthetic_traffic,3326,nulo_obligatorio:tipo_via
synthetic_traffic,3327,nulo_obligatorio:tipo_via
synthetic_traffic,3328,nulo_obligatorio:tipo_via
synthetic_traffic,3329,nulo_obligatorio:tipo_via
synthetic_traffic,3330,nulo_obligatorio:tipo_via
synthetic_traffic,3331,nulo_obligatorio:tipo_via
synthetic_traffic,3332,nulo_obligatorio:tipo_via
synthetic_traffic,3333,nulo_obligatorio:tipo_via
synthetic_traffic,3334,nulo_obligatorio:tipo_via
synthetic_traffic,3335,nulo_obligatorio:tipo_via
synthetic_traffic,3336,nulo_obligatorio:tipo_via
synthetic_traffic,3337,nulo_obligatorio:tipo_via
synthetic_traffic,3338,nulo_obligatorio:tipo_via
synthetic_traffic,3339,nulo_obligatorio:tipo_via
synthetic_traffic,3340,nulo_obligatorio:tipo_via
synthetic_traffic,3341,nulo_obligatorio:tipo_via
synthetic_traffic,3342,nulo_obligatorio:tipo_via
synthetic_traffic,3343,nulo_obligatorio:tipo_via
synthetic_traffic,3344,nulo_obligatorio:tipo_via
synthetic_traffic,3345,nulo_obligatorio:tipo_via
synthetic_traffic,3346,nulo_obligatorio:tipo_via
synthetic_traffic,3347,nulo_obligatorio:tipo_via
synthetic_traffic,3348,nulo_obligatorio:tipo_via
synthetic_traffic,3349,nulo_obligatorio:tipo_via
synthetic_traffic,3350,nulo_obligatorio:tipo_via
synthetic_traffic,3351,nulo_obligatorio:tipo_via
synthetic_traffic,3352,nulo_obligatorio:tipo_via
synthetic_traffic,3353,nulo_obligatorio:tipo_via
synthetic_traffic,3354,nulo_obligatorio:tipo_via
synthetic_traffic,3355,nulo_obligatorio:tipo_via
synthetic_traffic,3356,nulo_obligatorio:tipo_via
synthetic_traffic,3357,nulo_obligatorio:tipo_via
synthetic_traffic,3358,nulo_obligatorio:tipo_via
synthetic_traffic,3359,nulo_obligatorio:tipo_via
synthetic_traffic,3360,nulo_obligatorio:tipo_via
synthetic_traffic,3361,nulo_obligatorio:tipo_via
synthetic_traffic,3362,nulo_obligatorio:tipo_via
synthetic_traffic,3363,nulo_obligatorio:tipo_via
synthetic_traffic,3364,nulo_obligatorio:tipo_via
synthetic_traffic,3365,nulo_obligatorio:tipo_via
synthetic_traffic,3366,nulo_obligatorio:tipo_via
synthetic_traffic,3367,nulo_obligatorio:tipo_via
synthetic_traffic,3368,nulo_obligatorio:tipo_via
synthetic_traffic,3369,nulo_obligatorio:tipo_via
synthetic_traffic,3370,nulo_obligatorio:tipo_via
synthetic_traffic,3371,nulo_obligatorio:tipo_via
synthetic_traffic,3372,nulo_obligatorio:tipo_via
synthetic_traffic,3373,nulo_obligatorio:tipo_via
synthetic_traffic,3374,nulo_obligatorio:tipo_via
synthetic_traffic,3375,nulo_obligatorio:tipo_via
synthetic_traffic,3376,nulo_obligatorio:tipo_via
synthetic_traffic,3377,nulo_obligatorio:tipo_via
synthetic_traffic,3378,nulo_obligatorio:tipo_via
synthetic_traffic,3379,nulo_obligatorio:tipo_via
synthetic_traffic,3380,nulo_obligatorio:tipo_via
synthetic_traffic,3381,nulo_obligatorio:tipo_via
synthetic_traffic,3382,nulo_obligatorio:tipo_via
synthetic_traffic,3383,nulo_obligatorio:tipo_via
synthetic_traffic,3384,nulo_obligatorio:tipo_via
synthetic_traffic,3385,nulo_obligatorio:tipo_via
synthetic_traffic,3386,nulo_obligatorio:tipo_via
synthetic_traffic,3387,nulo_obligatorio:tipo_via
synthetic_traffic,3388,nulo_obligatorio:tipo_via
synthetic_traffic,3389,nulo_obligatorio:tipo_via
synthetic_traffic,3390,nulo_obligatorio:tipo_via
synthetic_traffic,3391,nulo_obligatorio:tipo_via
synthetic_traffic,3392,nulo_obligatorio:tipo_via
synthetic_traffic,3393,nulo_obligatorio:tipo_via
synthetic_traffic,3394,nulo_obligatorio:tipo_via
synthetic_traffic,3395,nulo_obligatorio:tipo_via
synthetic_traffic,3396,nulo_obligatorio:tipo_via
synthetic_traffic,3397,nulo_obligatorio:tipo_via
synthetic_traffic,3398,nulo_obligatorio:tipo_via
synthetic_traffic,3399,nulo_obligatorio:tipo_via
synthetic_traffic,3400,nulo_obligatorio:tipo_via
synthetic_traffic,3401,nulo_obligatorio:tipo_via
synthetic_traffic,3402,nulo_obligatorio:tipo_via
synthetic_traffic,3403,nulo_obligatorio:tipo_via
synthetic_traffic,3404,nulo_obligatorio:tipo_via
synthetic_traffic,3405,nulo_obligatorio:tipo_via
synthetic_traffic,3406,nulo_obligatorio:tipo_via
synthetic_traffic,3407,nulo_obligatorio:tipo_via
synthetic_traffic,3408,nulo_obligatorio:tipo_via
synthetic_traffic,3409,nulo_obligatorio:tipo_via
synthetic_traffic,3410,nulo_obligatorio:tipo_via
synthetic_traffic,3411,nulo_obligatorio:tipo_via
synthetic_traffic,3412,nulo_obligatorio:tipo_via
synthetic_traffic,3413,nulo_obligatorio:tipo_via
synthetic_traffic,3414,nulo_obligatorio:tipo_via
synthetic_traffic,3415,nulo_obligatorio:tipo_via
synthetic_traffic,3416,nulo_obligatorio:tipo_via
synthetic_traffic,3417,nulo_obligatorio:tipo_via
synthetic_traffic,3418,nulo_obligatorio:tipo_via
synthetic_traffic,3419,nulo_obligatorio:tipo_via
synthetic_traffic,3420,nulo_obligatorio:tipo_via
synthetic_traffic,3421,nulo_obligatorio:tipo_via
synthetic_traffic,3422,nulo_obligatorio:tipo_via
synthetic_traffic,3423,nulo_obligatorio:tipo_via
synthetic_traffic,3424,nulo_obligatorio:tipo_via
synthetic_traffic,3425,nulo_obligatorio:tipo_via
synthetic_traffic,3426,nulo_obligatorio:tipo_via
synthetic_traffic,3427,nulo_obligatorio:tipo_via
synthetic_traffic,3428,nulo_obligatorio:tipo_via
synthetic_traffic,3429,nulo_obligatorio:tipo_via
synthetic_traffic,3430,nulo_obligatorio:tipo_via
synthetic_traffic,3431,nulo_obligatorio:tipo_via
synthetic_traffic,3432,nulo_obligatorio:tipo_via
synthetic_traffic,3433,nulo_obligatorio:tipo_via
synthetic_traffic,3434,nulo_obligatorio:tipo_via
synthetic_traffic,3435,nulo_obligatorio:tipo_via
synthetic_traffic,3436,nulo_obligatorio:tipo_via
synthetic_traffic,3437,nulo_obligatorio:tipo_via
synthetic_traffic,3438,nulo_obligatorio:tipo_via
synthetic_traffic,3439,nulo_obligatorio:tipo_via
synthetic_traffic,3440,nulo_obligatorio:tipo_via
synthetic_traffic,3441,nulo_obligatorio:tipo_via
synthetic_traffic,3442,nulo_obligatorio:tipo_via
synthetic_traffic,3443,nulo_obligatorio:tipo_via
synthetic_traffic,3444,nulo_obligatorio:tipo_via
synthetic_traffic,3445,nulo_obligatorio:tipo_via
synthetic_traffic,3446,nulo_obligatorio:tipo_via
synthetic_traffic,3447,nulo_obligatorio:tipo_via
synthetic_traffic,3448,nulo_obligatorio:tipo_via
synthetic_traffic,3449,nulo_obligatorio:tipo_via
synthetic_traffic,3450,nulo_obligatorio:tipo_via
synthetic_traffic,3451,nulo_obligatorio:tipo_via
synthetic_traffic,3452,nulo_obligatorio:tipo_via
synthetic_traffic,3453,nulo_obligatorio:tipo_via
synthetic_traffic,3454,nulo_obligatorio:tipo_via
synthetic_traffic,3455,nulo_obligatorio:tipo_via
synthetic_traffic,3456,nulo_obligatorio:tipo_via
synthetic_traffic,3457,nulo_obligatorio:tipo_via
synthetic_traffic,3458,nulo_obligatorio:tipo_via
synthetic_traffic,3459,nulo_obligatorio:tipo_via
synthetic_traffic,3460,nulo_obligatorio:tipo_via
synthetic_traffic,3461,nulo_obligatorio:tipo_via
synthetic_traffic,3462,nulo_obligatorio:tipo_via
synthetic_traffic,3463,nulo_obligatorio:tipo_via
synthetic_traffic,3464,nulo_obligatorio:tipo_via
synthetic_traffic,3465,nulo_obligatorio:tipo_via
synthetic_traffic,3466,nulo_obligatorio:tipo_via
synthetic_traffic,3467,nulo_obligatorio:tipo_via
synthetic_traffic,3468,nulo_obligatorio:tipo_via
synthetic_traffic,3469,nulo_obligatorio:tipo_via
synthetic_traffic,3470,nulo_obligatorio:tipo_via
synthetic_traffic,3471,nulo_obligatorio:tipo_via
synthetic_traffic,3472,nulo_obligatorio:tipo_via
synthetic_traffic,3473,nulo_obligatorio:tipo_via
synthetic_traffic,3474,nulo_obligatorio:tipo_via
synthetic_traffic,3475,nulo_obligatorio:tipo_via
synthetic_traffic,3476,nulo_obligatorio:tipo_via
synthetic_traffic,3477,nulo_obligatorio:tipo_via
synthetic_traffic,3478,nulo_obligatorio:tipo_via
synthetic_traffic,3479,nulo_obligatorio:tipo_via
synthetic_traffic,3480,nulo_obligatorio:tipo_via
synthetic_traffic,3481,nulo_obligatorio:tipo_via
synthetic_traffic,3482,nulo_obligatorio:tipo_via
synthetic_traffic,3483,nulo_obligatorio:tipo_via
synthetic_traffic,3484,nulo_obligatorio:tipo_via
synthetic_traffic,3485,nulo_obligatorio:tipo_via
synthetic_traffic,3486,nulo_obligatorio:tipo_via
synthetic_traffic,3487,nulo_obligatorio:tipo_via
synthetic_traffic,3488,nulo_obligatorio:tipo_via
synthetic_traffic,3489,nulo_obligatorio:tipo_via
synthetic_traffic,3490,nulo_obligatorio:tipo_via
synthetic_traffic,3491,nulo_obligatorio:tipo_via
synthetic_traffic,3492,nulo_obligatorio:tipo_via
synthetic_traffic,3493,nulo_obligatorio:tipo_via
synthetic_traffic,3494,nulo_obligatorio:tipo_via
synthetic_traffic,3495,nulo_obligatorio:tipo_via
synthetic_traffic,3496,nulo_obligatorio:tipo_via
synthetic_traffic,3497,nulo_obligatorio:tipo_via
synthetic_traffic,3498,nulo_obligatorio:tipo_via
synthetic_traffic,3499,nulo_obligatorio:tipo_via
synthetic_traffic,3500,nulo_obligatorio:tipo_via
synthetic_traffic,3501,nulo_obligatorio:tipo_via
synthetic_traffic,3502,nulo_obligatorio:tipo_via
synthetic_traffic,3503,nulo_obligatorio:tipo_via
synthetic_traffic,3504,nulo_obligatorio:tipo_via
synthetic_traffic,3505,nulo_obligatorio:tipo_via
synthetic_traffic,3506,nulo_obligatorio:tipo_via
synthetic_traffic,3507,nulo_obligatorio:tipo_via
synthetic_traffic,3508,nulo_obligatorio:tipo_via
synthetic_traffic,3509,nulo_obligatorio:tipo_via
synthetic_traffic,3510,nulo_obligatorio:tipo_via
synthetic_traffic,3511,nulo_obligatorio:tipo_via
synthetic_traffic,3512,nulo_obligatorio:tipo_via
synthetic_traffic,3513,nulo_obligatorio:tipo_via
synthetic_traffic,3514,nulo_obligatorio:tipo_via
synthetic_traffic,3515,nulo_obligatorio:tipo_via
synthetic_traffic,3516,nulo_obligatorio:tipo_via
synthetic_traffic,3517,nulo_obligatorio:tipo_via
synthetic_traffic,3518,nulo_obligatorio:tipo_via
synthetic_traffic,3519,nulo_obligatorio:tipo_via
synthetic_traffic,3520,nulo_obligatorio:tipo_via
synthetic_traffic,3521,nulo_obligatorio:tipo_via
synthetic_traffic,3522,nulo_obligatorio:tipo_via
synthetic_traffic,3523,nulo_obligatorio:tipo_via
synthetic_traffic,3524,nulo_obligatorio:tipo_via
synthetic_traffic,3525,nulo_obligatorio:tipo_via
synthetic_traffic,3526,nulo_obligatorio:tipo_via
synthetic_traffic,3527,nulo_obligatorio:tipo_via
synthetic_traffic,3528,nulo_obligatorio:tipo_via
synthetic_traffic,3529,nulo_obligatorio:tipo_via
synthetic_traffic,3530,nulo_obligatorio:tipo_via
synthetic_traffic,3531,nulo_obligatorio:tipo_via
synthetic_traffic,3532,nulo_obligatorio:tipo_via
synthetic_traffic,3533,nulo_obligatorio:tipo_via
synthetic_traffic,3534,nulo_obligatorio:tipo_via
synthetic_traffic,3535,nulo_obligatorio:tipo_via
synthetic_traffic,3536,nulo_obligatorio:tipo_via
synthetic_traffic,3537,nulo_obligatorio:tipo_via
synthetic_traffic,3538,nulo_obligatorio:tipo_via
synthetic_traffic,3539,nulo_obligatorio:tipo_via
synthetic_traffic,3540,nulo_obligatorio:tipo_via
synthetic_traffic,3541,nulo_obligatorio:tipo_via
synthetic_traffic,3542,nulo_obligatorio:tipo_via
synthetic_traffic,3543,nulo_obligatorio:tipo_via
synthetic_traffic,3544,nulo_obligatorio:tipo_via
synthetic_traffic,3545,nulo_obligatorio:tipo_via
synthetic_traffic,3546,nulo_obligatorio:tipo_via
synthetic_traffic,3547,nulo_obligatorio:tipo_via
synthetic_traffic,3548,nulo_obligatorio:tipo_via
synthetic_traffic,3549,nulo_obligatorio:tipo_via
synthetic_traffic,3550,nulo_obligatorio:tipo_via
synthetic_traffic,3551,nulo_obligatorio:tipo_via
synthetic_traffic,3552,nulo_obligatorio:tipo_via
synthetic_traffic,3553,nulo_obligatorio:tipo_via
synthetic_traffic,3554,nulo_obligatorio:tipo_via
synthetic_traffic,3555,nulo_obligatorio:tipo_via
synthetic_traffic,3556,nulo_obligatorio:tipo_via
synthetic_traffic,3557,nulo_obligatorio:tipo_via
synthetic_traffic,3558,nulo_obligatorio:tipo_via
synthetic_traffic,3559,nulo_obligatorio:tipo_via
synthetic_traffic,3560,nulo_obligatorio:tipo_via
synthetic_traffic,3561,nulo_obligatorio:tipo_via
synthetic_traffic,3562,nulo_obligatorio:tipo_via
synthetic_traffic,3563,nulo_obligatorio:tipo_via
synthetic_traffic,3564,nulo_obligatorio:tipo_via
synthetic_traffic,3565,nulo_obligatorio:tipo_via
synthetic_traffic,3566,nulo_obligatorio:tipo_via
synthetic_traffic,3567,nulo_obligatorio:tipo_via
synthetic_traffic,3568,nulo_obligatorio:tipo_via
synthetic_traffic,3569,nulo_obligatorio:tipo_via
synthetic_traffic,3570,nulo_obligatorio:tipo_via
synthetic_traffic,3571,nulo_obligatorio:tipo_via
synthetic_traffic,3572,nulo_obligatorio:tipo_via
synthetic_traffic,3573,nulo_obligatorio:tipo_via
synthetic_traffic,3574,nulo_obligatorio:tipo_via
synthetic_traffic,3575,nulo_obligatorio:tipo_via
synthetic_traffic,3576,nulo_obligatorio:tipo_via
synthetic_traffic,3577,nulo_obligatorio:tipo_via
synthetic_traffic,3578,nulo_obligatorio:tipo_via
synthetic_traffic,3579,nulo_obligatorio:tipo_via
synthetic_traffic,3580,nulo_obligatorio:tipo_via
synthetic_traffic,3581,nulo_obligatorio:tipo_via
synthetic_traffic,3582,nulo_obligatorio:tipo_via
synthetic_traffic,3583,nulo_obligatorio:tipo_via
synthetic_traffic,3584,nulo_obligatorio:tipo_via
synthetic_traffic,3585,nulo_obligatorio:tipo_via
synthetic_traffic,3586,nulo_obligatorio:tipo_via
synthetic_traffic,3587,nulo_obligatorio:tipo_via
synthetic_traffic,3588,nulo_obligatorio:tipo_via
synthetic_traffic,3589,nulo_obligatorio:tipo_via
synthetic_traffic,3590,nulo_obligatorio:tipo_via
synthetic_traffic,3591,nulo_obligatorio:tipo_via
synthetic_traffic,3592,nulo_obligatorio:tipo_via
synthetic_traffic,3593,nulo_obligatorio:tipo_via
synthetic_traffic,3594,nulo_obligatorio:tipo_via
synthetic_traffic,3595,nulo_obligatorio:tipo_via
synthetic_traffic,3596,nulo_obligatorio:tipo_via
synthetic_traffic,3597,nulo_obligatorio:tipo_via
synthetic_traffic,3598,nulo_obligatorio:tipo_via
synthetic_traffic,3599,nulo_obligatorio:tipo_via
synthetic_traffic,3600,nulo_obligatorio:tipo_via
synthetic_traffic,3601,nulo_obligatorio:tipo_via
synthetic_traffic,3602,nulo_obligatorio:tipo_via
synthetic_traffic,3603,nulo_obligatorio:tipo_via
synthetic_traffic,3604,nulo_obligatorio:tipo_via
synthetic_traffic,3605,nulo_obligatorio:tipo_via
synthetic_traffic,3606,nulo_obligatorio:tipo_via
synthetic_traffic,3607,nulo_obligatorio:tipo_via
synthetic_traffic,3608,nulo_obligatorio:tipo_via
synthetic_traffic,3609,nulo_obligatorio:tipo_via
synthetic_traffic,3610,nulo_obligatorio:tipo_via
synthetic_traffic,3611,nulo_obligatorio:tipo_via
synthetic_traffic,3612,nulo_obligatorio:tipo_via
synthetic_traffic,3613,nulo_obligatorio:tipo_via
synthetic_traffic,3614,nulo_obligatorio:tipo_via
synthetic_traffic,3615,nulo_obligatorio:tipo_via
synthetic_traffic,3616,nulo_obligatorio:tipo_via
synthetic_traffic,3617,nulo_obligatorio:tipo_via
synthetic_traffic,3618,nulo_obligatorio:tipo_via
synthetic_traffic,3619,nulo_obligatorio:tipo_via
synthetic_traffic,3620,nulo_obligatorio:tipo_via
synthetic_traffic,3621,nulo_obligatorio:tipo_via
synthetic_traffic,3622,nulo_obligatorio:tipo_via
synthetic_traffic,3623,nulo_obligatorio:tipo_via
synthetic_traffic,3624,nulo_obligatorio:tipo_via
synthetic_traffic,3625,nulo_obligatorio:tipo_via
synthetic_traffic,3626,nulo_obligatorio:tipo_via
synthetic_traffic,3627,nulo_obligatorio:tipo_via
synthetic_traffic,3628,nulo_obligatorio:tipo_via
synthetic_traffic,3629,nulo_obligatorio:tipo_via
synthetic_traffic,3630,nulo_obligatorio:tipo_via
synthetic_traffic,3631,nulo_obligatorio:tipo_via
synthetic_traffic,3632,nulo_obligatorio:tipo_via
synthetic_traffic,3633,nulo_obligatorio:tipo_via
synthetic_traffic,3634,nulo_obligatorio:tipo_via
synthetic_traffic,3635,nulo_obligatorio:tipo_via
synthetic_traffic,3636,nulo_obligatorio:tipo_via
synthetic_traffic,3637,nulo_obligatorio:tipo_via
synthetic_traffic,3638,nulo_obligatorio:tipo_via
synthetic_traffic,3639,nulo_obligatorio:tipo_via
synthetic_traffic,3640,nulo_obligatorio:tipo_via
synthetic_traffic,3641,nulo_obligatorio:tipo_via
synthetic_traffic,3642,nulo_obligatorio:tipo_via
synthetic_traffic,3643,nulo_obligatorio:tipo_via
synthetic_traffic,3644,nulo_obligatorio:tipo_via
synthetic_traffic,3645,nulo_obligatorio:tipo_via
synthetic_traffic,3646,nulo_obligatorio:tipo_via
synthetic_traffic,3647,nulo_obligatorio:tipo_via
synthetic_traffic,3648,nulo_obligatorio:tipo_via
synthetic_traffic,3649,nulo_obligatorio:tipo_via
synthetic_traffic,3650,nulo_obligatorio:tipo_via
synthetic_traffic,3651,nulo_obligatorio:tipo_via
synthetic_traffic,3652,nulo_obligatorio:tipo_via
synthetic_traffic,3653,nulo_obligatorio:tipo_via
synthetic_traffic,3654,nulo_obligatorio:tipo_via
synthetic_traffic,3655,nulo_obligatorio:tipo_via
synthetic_traffic,3656,nulo_obligatorio:tipo_via
synthetic_traffic,3657,nulo_obligatorio:tipo_via
synthetic_traffic,3658,nulo_obligatorio:tipo_via
synthetic_traffic,3659,nulo_obligatorio:tipo_via
synthetic_traffic,3660,nulo_obligatorio:tipo_via
synthetic_traffic,3661,nulo_obligatorio:tipo_via
synthetic_traffic,3662,nulo_obligatorio:tipo_via
synthetic_traffic,3663,nulo_obligatorio:tipo_via
synthetic_traffic,3664,nulo_obligatorio:tipo_via
synthetic_traffic,3665,nulo_obligatorio:tipo_via
synthetic_traffic,3666,nulo_obligatorio:tipo_via
synthetic_traffic,3667,nulo_obligatorio:tipo_via
synthetic_traffic,3668,nulo_obligatorio:tipo_via
synthetic_traffic,3669,nulo_obligatorio:tipo_via
synthetic_traffic,3670,nulo_obligatorio:tipo_via
synthetic_traffic,3671,nulo_obligatorio:tipo_via
synthetic_traffic,3672,nulo_obligatorio:tipo_via
synthetic_traffic,3673,nulo_obligatorio:tipo_via
synthetic_traffic,3674,nulo_obligatorio:tipo_via
synthetic_traffic,3675,nulo_obligatorio:tipo_via
synthetic_traffic,3676,nulo_obligatorio:tipo_via
synthetic_traffic,3677,nulo_obligatorio:tipo_via
synthetic_traffic,3678,nulo_obligatorio:tipo_via
synthetic_traffic,3679,nulo_obligatorio:tipo_via
synthetic_traffic,3680,nulo_obligatorio:tipo_via
synthetic_traffic,3681,nulo_obligatorio:tipo_via
synthetic_traffic,3682,nulo_obligatorio:tipo_via
synthetic_traffic,3683,nulo_obligatorio:tipo_via
synthetic_traffic,3684,nulo_obligatorio:tipo_via
synthetic_traffic,3685,nulo_obligatorio:tipo_via
synthetic_traffic,3686,nulo_obligatorio:tipo_via
synthetic_traffic,3687,nulo_obligatorio:tipo_via
synthetic_traffic,3688,nulo_obligatorio:tipo_via
synthetic_traffic,3689,nulo_obligatorio:tipo_via
synthetic_traffic,3690,nulo_obligatorio:tipo_via
synthetic_traffic,3691,nulo_obligatorio:tipo_via
synthetic_traffic,3692,nulo_obligatorio:tipo_via
synthetic_traffic,3693,nulo_obligatorio:tipo_via
synthetic_traffic,3694,nulo_obligatorio:tipo_via
synthetic_traffic,3695,nulo_obligatorio:tipo_via
synthetic_traffic,3696,nulo_obligatorio:tipo_via
synthetic_traffic,3697,nulo_obligatorio:tipo_via
synthetic_traffic,3698,nulo_obligatorio:tipo_via
synthetic_traffic,3699,nulo_obligatorio:tipo_via
synthetic_traffic,3700,nulo_obligatorio:tipo_via
synthetic_traffic,3701,nulo_obligatorio:tipo_via
synthetic_traffic,3702,nulo_obligatorio:tipo_via
synthetic_traffic,3703,nulo_obligatorio:tipo_via
synthetic_traffic,3704,nulo_obligatorio:tipo_via
synthetic_traffic,3705,nulo_obligatorio:tipo_via
synthetic_traffic,3706,nulo_obligatorio:tipo_via
synthetic_traffic,3707,nulo_obligatorio:tipo_via
synthetic_traffic,3708,nulo_obligatorio:tipo_via
synthetic_traffic,3709,nulo_obligatorio:tipo_via
synthetic_traffic,3710,nulo_obligatorio:tipo_via
synthetic_traffic,3711,nulo_obligatorio:tipo_via
synthetic_traffic,3712,nulo_obligatorio:tipo_via
synthetic_traffic,3713,nulo_obligatorio:tipo_via
synthetic_traffic,3714,nulo_obligatorio:tipo_via
synthetic_traffic,3715,nulo_obligatorio:tipo_via
synthetic_traffic,3716,nulo_obligatorio:tipo_via
synthetic_traffic,3717,nulo_obligatorio:tipo_via
synthetic_traffic,3718,nulo_obligatorio:tipo_via
synthetic_traffic,3719,nulo_obligatorio:tipo_via
synthetic_traffic,3720,nulo_obligatorio:tipo_via
synthetic_traffic,3721,nulo_obligatorio:tipo_via
synthetic_traffic,3722,nulo_obligatorio:tipo_via
synthetic_traffic,3723,nulo_obligatorio:tipo_via
synthetic_traffic,3724,nulo_obligatorio:tipo_via
synthetic_traffic,3725,nulo_obligatorio:tipo_via
synthetic_traffic,3726,nulo_obligatorio:tipo_via
synthetic_traffic,3727,nulo_obligatorio:tipo_via
synthetic_traffic,3728,nulo_obligatorio:tipo_via
synthetic_traffic,3729,nulo_obligatorio:tipo_via
synthetic_traffic,3730,nulo_obligatorio:tipo_via
synthetic_traffic,3731,nulo_obligatorio:tipo_via
synthetic_traffic,3732,nulo_obligatorio:tipo_via
synthetic_traffic,3733,nulo_obligatorio:tipo_via
synthetic_traffic,3734,nulo_obligatorio:tipo_via
synthetic_traffic,3735,nulo_obligatorio:tipo_via
synthetic_traffic,3736,nulo_obligatorio:tipo_via
synthetic_traffic,3737,nulo_obligatorio:tipo_via
synthetic_traffic,3738,nulo_obligatorio:tipo_via
synthetic_traffic,3739,nulo_obligatorio:tipo_via
synthetic_traffic,3740,nulo_obligatorio:tipo_via
synthetic_traffic,3741,nulo_obligatorio:tipo_via
synthetic_traffic,3742,nulo_obligatorio:tipo_via
synthetic_traffic,3743,nulo_obligatorio:tipo_via
synthetic_traffic,3744,nulo_obligatorio:tipo_via
synthetic_traffic,3745,nulo_obligatorio:tipo_via
synthetic_traffic,3746,nulo_obligatorio:tipo_via
synthetic_traffic,3747,nulo_obligatorio:tipo_via
synthetic_traffic,3748,nulo_obligatorio:tipo_via
synthetic_traffic,3749,nulo_obligatorio:tipo_via
synthetic_traffic,3750,nulo_obligatorio:tipo_via
synthetic_traffic,3751,nulo_obligatorio:tipo_via
synthetic_traffic,3752,nulo_obligatorio:tipo_via
synthetic_traffic,3753,nulo_obligatorio:tipo_via
synthetic_traffic,3754,nulo_obligatorio:tipo_via
synthetic_traffic,3755,nulo_obligatorio:tipo_via
synthetic_traffic,3756,nulo_obligatorio:tipo_via
synthetic_traffic,3757,nulo_obligatorio:tipo_via
synthetic_traffic,3758,nulo_obligatorio:tipo_via
synthetic_traffic,3759,nulo_obligatorio:tipo_via
synthetic_traffic,3760,nulo_obligatorio:tipo_via
synthetic_traffic,3761,nulo_obligatorio:tipo_via
synthetic_traffic,3762,nulo_obligatorio:tipo_via
synthetic_traffic,3763,nulo_obligatorio:tipo_via
synthetic_traffic,3764,nulo_obligatorio:tipo_via
synthetic_traffic,3765,nulo_obligatorio:tipo_via
synthetic_traffic,3766,nulo_obligatorio:tipo_via
synthetic_traffic,3767,nulo_obligatorio:tipo_via
synthetic_traffic,3768,nulo_obligatorio:tipo_via
synthetic_traffic,3769,nulo_obligatorio:tipo_via
synthetic_traffic,3770,nulo_obligatorio:tipo_via
synthetic_traffic,3771,nulo_obligatorio:tipo_via
synthetic_traffic,3772,nulo_obligatorio:tipo_via
synthetic_traffic,3773,nulo_obligatorio:tipo_via
synthetic_traffic,3774,nulo_obligatorio:tipo_via
synthetic_traffic,3775,nulo_obligatorio:tipo_via
synthetic_traffic,3776,nulo_obligatorio:tipo_via
synthetic_traffic,3777,nulo_obligatorio:tipo_via
synthetic_traffic,3778,nulo_obligatorio:tipo_via
synthetic_traffic,3779,nulo_obligatorio:tipo_via
synthetic_traffic,3780,nulo_obligatorio:tipo_via
synthetic_traffic,3781,nulo_obligatorio:tipo_via
synthetic_traffic,3782,nulo_obligatorio:tipo_via
synthetic_traffic,3783,nulo_obligatorio:tipo_via
synthetic_traffic,3784,nulo_obligatorio:tipo_via
synthetic_traffic,3785,nulo_obligatorio:tipo_via
synthetic_traffic,3786,nulo_obligatorio:tipo_via
synthetic_traffic,3787,nulo_obligatorio:tipo_via
synthetic_traffic,3788,nulo_obligatorio:tipo_via
synthetic_traffic,3789,nulo_obligatorio:tipo_via
synthetic_traffic,3790,nulo_obligatorio:tipo_via
synthetic_traffic,3791,nulo_obligatorio:tipo_via
synthetic_traffic,3792,nulo_obligatorio:tipo_via
synthetic_traffic,3793,nulo_obligatorio:tipo_via
synthetic_traffic,3794,nulo_obligatorio:tipo_via
synthetic_traffic,3795,nulo_obligatorio:tipo_via
synthetic_traffic,3796,nulo_obligatorio:tipo_via
synthetic_traffic,3797,nulo_obligatorio:tipo_via
synthetic_traffic,3798,nulo_obligatorio:tipo_via
synthetic_traffic,3799,nulo_obligatorio:tipo_via
synthetic_traffic,3800,nulo_obligatorio:tipo_via
synthetic_traffic,3801,nulo_obligatorio:tipo_via
synthetic_traffic,3802,nulo_obligatorio:tipo_via
synthetic_traffic,3803,nulo_obligatorio:tipo_via
synthetic_traffic,3804,nulo_obligatorio:tipo_via
synthetic_traffic,3805,nulo_obligatorio:tipo_via
synthetic_traffic,3806,nulo_obligatorio:tipo_via
synthetic_traffic,3807,nulo_obligatorio:tipo_via
synthetic_traffic,3808,nulo_obligatorio:tipo_via
synthetic_traffic,3809,nulo_obligatorio:tipo_via
synthetic_traffic,3810,nulo_obligatorio:tipo_via
synthetic_traffic,3811,nulo_obligatorio:tipo_via
synthetic_traffic,3812,nulo_obligatorio:tipo_via
synthetic_traffic,3813,nulo_obligatorio:tipo_via
synthetic_traffic,3814,nulo_obligatorio:tipo_via
synthetic_traffic,3815,nulo_obligatorio:tipo_via
synthetic_traffic,3816,nulo_obligatorio:tipo_via
synthetic_traffic,3817,nulo_obligatorio:tipo_via
synthetic_traffic,3818,nulo_obligatorio:tipo_via
synthetic_traffic,3819,nulo_obligatorio:tipo_via
synthetic_traffic,3820,nulo_obligatorio:tipo_via
synthetic_traffic,3821,nulo_obligatorio:tipo_via
synthetic_traffic,3822,nulo_obligatorio:tipo_via
synthetic_traffic,3823,nulo_obligatorio:tipo_via
synthetic_traffic,3824,nulo_obligatorio:tipo_via
synthetic_traffic,3825,nulo_obligatorio:tipo_via
synthetic_traffic,3826,nulo_obligatorio:tipo_via
synthetic_traffic,3827,nulo_obligatorio:tipo_via
synthetic_traffic,3828,nulo_obligatorio:tipo_via
synthetic_traffic,3829,nulo_obligatorio:tipo_via
synthetic_traffic,3830,nulo_obligatorio:tipo_via
synthetic_traffic,3831,nulo_obligatorio:tipo_via
synthetic_traffic,3832,nulo_obligatorio:tipo_via
synthetic_traffic,3833,nulo_obligatorio:tipo_via
synthetic_traffic,3834,nulo_obligatorio:tipo_via
synthetic_traffic,3835,nulo_obligatorio:tipo_via
synthetic_traffic,3836,nulo_obligatorio:tipo_via
synthetic_traffic,3837,nulo_obligatorio:tipo_via
synthetic_traffic,3838,nulo_obligatorio:tipo_via
synthetic_traffic,3839,nulo_obligatorio:tipo_via
synthetic_traffic,3840,nulo_obligatorio:tipo_via
synthetic_traffic,3841,nulo_obligatorio:tipo_via
synthetic_traffic,3842,nulo_obligatorio:tipo_via
synthetic_traffic,3843,nulo_obligatorio:tipo_via
synthetic_traffic,3844,nulo_obligatorio:tipo_via
synthetic_traffic,3845,nulo_obligatorio:tipo_via
synthetic_traffic,3846,nulo_obligatorio:tipo_via
synthetic_traffic,3847,nulo_obligatorio:tipo_via
synthetic_traffic,3848,nulo_obligatorio:tipo_via
synthetic_traffic,3849,nulo_obligatorio:tipo_via
synthetic_traffic,3850,nulo_obligatorio:tipo_via
synthetic_traffic,3851,nulo_obligatorio:tipo_via
synthetic_traffic,3852,nulo_obligatorio:tipo_via
synthetic_traffic,3853,nulo_obligatorio:tipo_via
synthetic_traffic,3854,nulo_obligatorio:tipo_via
synthetic_traffic,3855,nulo_obligatorio:tipo_via
synthetic_traffic,3856,nulo_obligatorio:tipo_via
synthetic_traffic,3857,nulo_obligatorio:tipo_via
synthetic_traffic,3858,nulo_obligatorio:tipo_via
synthetic_traffic,3859,nulo_obligatorio:tipo_via
synthetic_traffic,3860,nulo_obligatorio:tipo_via
synthetic_traffic,3861,nulo_obligatorio:tipo_via
synthetic_traffic,3862,nulo_obligatorio:tipo_via
synthetic_traffic,3863,nulo_obligatorio:tipo_via
synthetic_traffic,3864,nulo_obligatorio:tipo_via
synthetic_traffic,3865,nulo_obligatorio:tipo_via
synthetic_traffic,3866,nulo_obligatorio:tipo_via
synthetic_traffic,3867,nulo_obligatorio:tipo_via
synthetic_traffic,3868,nulo_obligatorio:tipo_via
synthetic_traffic,3869,nulo_obligatorio:tipo_via
synthetic_traffic,3870,nulo_obligatorio:tipo_via
synthetic_traffic,3871,nulo_obligatorio:tipo_via
synthetic_traffic,3872,nulo_obligatorio:tipo_via
synthetic_traffic,3873,nulo_obligatorio:tipo_via
synthetic_traffic,3874,nulo_obligatorio:tipo_via
synthetic_traffic,3875,nulo_obligatorio:tipo_via
synthetic_traffic,3876,nulo_obligatorio:tipo_via
synthetic_traffic,3877,nulo_obligatorio:tipo_via
synthetic_traffic,3878,nulo_obligatorio:tipo_via
synthetic_traffic,3879,nulo_obligatorio:tipo_via
synthetic_traffic,3880,nulo_obligatorio:tipo_via
synthetic_traffic,3881,nulo_obligatorio:tipo_via
synthetic_traffic,3882,nulo_obligatorio:tipo_via
synthetic_traffic,3883,nulo_obligatorio:tipo_via
synthetic_traffic,3884,nulo_obligatorio:tipo_via
synthetic_traffic,3885,nulo_obligatorio:tipo_via
synthetic_traffic,3886,nulo_obligatorio:tipo_via
synthetic_traffic,3887,nulo_obligatorio:tipo_via
synthetic_traffic,3888,nulo_obligatorio:tipo_via
synthetic_traffic,3889,nulo_obligatorio:tipo_via
synthetic_traffic,3890,nulo_obligatorio:tipo_via
synthetic_traffic,3891,nulo_obligatorio:tipo_via
synthetic_traffic,3892,nulo_obligatorio:tipo_via
synthetic_traffic,3893,nulo_obligatorio:tipo_via
synthetic_traffic,3894,nulo_obligatorio:tipo_via
synthetic_traffic,3895,nulo_obligatorio:tipo_via
synthetic_traffic,3896,nulo_obligatorio:tipo_via
synthetic_traffic,3897,nulo_obligatorio:tipo_via
synthetic_traffic,3898,nulo_obligatorio:tipo_via
synthetic_traffic,3899,nulo_obligatorio:tipo_via
synthetic_traffic,3900,nulo_obligatorio:tipo_via
synthetic_traffic,3901,nulo_obligatorio:tipo_via
synthetic_traffic,3902,nulo_obligatorio:tipo_via
synthetic_traffic,3903,nulo_obligatorio:tipo_via
synthetic_traffic,3904,nulo_obligatorio:tipo_via
synthetic_traffic,3905,nulo_obligatorio:tipo_via
synthetic_traffic,3906,nulo_obligatorio:tipo_via
synthetic_traffic,3907,nulo_obligatorio:tipo_via
synthetic_traffic,3908,nulo_obligatorio:tipo_via
synthetic_traffic,3909,nulo_obligatorio:tipo_via
synthetic_traffic,3910,nulo_obligatorio:tipo_via
synthetic_traffic,3911,nulo_obligatorio:tipo_via
synthetic_traffic,3912,nulo_obligatorio:tipo_via
synthetic_traffic,3913,nulo_obligatorio:tipo_via
synthetic_traffic,3914,nulo_obligatorio:tipo_via
synthetic_traffic,3915,nulo_obligatorio:tipo_via
synthetic_traffic,3916,nulo_obligatorio:tipo_via
synthetic_traffic,3917,nulo_obligatorio:tipo_via
synthetic_traffic,3918,nulo_obligatorio:tipo_via
synthetic_traffic,3919,nulo_obligatorio:tipo_via
synthetic_traffic,3920,nulo_obligatorio:tipo_via
synthetic_traffic,3921,nulo_obligatorio:tipo_via
synthetic_traffic,3922,nulo_obligatorio:tipo_via
synthetic_traffic,3923,nulo_obligatorio:tipo_via
synthetic_traffic,3924,nulo_obligatorio:tipo_via
synthetic_traffic,3925,nulo_obligatorio:tipo_via
synthetic_traffic,3926,nulo_obligatorio:tipo_via
synthetic_traffic,3927,nulo_obligatorio:tipo_via
synthetic_traffic,3928,nulo_obligatorio:tipo_via
synthetic_traffic,3929,nulo_obligatorio:tipo_via
synthetic_traffic,3930,nulo_obligatorio:tipo_via
synthetic_traffic,3931,nulo_obligatorio:tipo_via
synthetic_traffic,3932,nulo_obligatorio:tipo_via
synthetic_traffic,3933,nulo_obligatorio:tipo_via
synthetic_traffic,3934,nulo_obligatorio:tipo_via
synthetic_traffic,3935,nulo_obligatorio:tipo_via
synthetic_traffic,3936,nulo_obligatorio:tipo_via
synthetic_traffic,3937,nulo_obligatorio:tipo_via
synthetic_traffic,3938,nulo_obligatorio:tipo_via
synthetic_traffic,3939,nulo_obligatorio:tipo_via
synthetic_traffic,3940,nulo_obligatorio:tipo_via
synthetic_traffic,3941,nulo_obligatorio:tipo_via
synthetic_traffic,3942,nulo_obligatorio:tipo_via
synthetic_traffic,3943,nulo_obligatorio:tipo_via
synthetic_traffic,3944,nulo_obligatorio:tipo_via
synthetic_traffic,3945,nulo_obligatorio:tipo_via
synthetic_traffic,3946,nulo_obligatorio:tipo_via
synthetic_traffic,3947,nulo_obligatorio:tipo_via
synthetic_traffic,3948,nulo_obligatorio:tipo_via
synthetic_traffic,3949,nulo_obligatorio:tipo_via
synthetic_traffic,3950,nulo_obligatorio:tipo_via
synthetic_traffic,3951,nulo_obligatorio:tipo_via
synthetic_traffic,3952,nulo_obligatorio:tipo_via
synthetic_traffic,3953,nulo_obligatorio:tipo_via
synthetic_traffic,3954,nulo_obligatorio:tipo_via
synthetic_traffic,3955,nulo_obligatorio:tipo_via
synthetic_traffic,3956,nulo_obligatorio:tipo_via
synthetic_traffic,3957,nulo_obligatorio:tipo_via
synthetic_traffic,3958,nulo_obligatorio:tipo_via
synthetic_traffic,3959,nulo_obligatorio:tipo_via
synthetic_traffic,3960,nulo_obligatorio:tipo_via
synthetic_traffic,3961,nulo_obligatorio:tipo_via
synthetic_traffic,3962,nulo_obligatorio:tipo_via
synthetic_traffic,3963,nulo_obligatorio:tipo_via
synthetic_traffic,3964,nulo_obligatorio:tipo_via
synthetic_traffic,3965,nulo_obligatorio:tipo_via
synthetic_traffic,3966,nulo_obligatorio:tipo_via
synthetic_traffic,3967,nulo_obligatorio:tipo_via
synthetic_traffic,3968,nulo_obligatorio:tipo_via
synthetic_traffic,3969,nulo_obligatorio:tipo_via
synthetic_traffic,3970,nulo_obligatorio:tipo_via
synthetic_traffic,3971,nulo_obligatorio:tipo_via
synthetic_traffic,3972,nulo_obligatorio:tipo_via
synthetic_traffic,3973,nulo_obligatorio:tipo_via
synthetic_traffic,3974,nulo_obligatorio:tipo_via
synthetic_traffic,3975,nulo_obligatorio:tipo_via
synthetic_traffic,3976,nulo_obligatorio:tipo_via
synthetic_traffic,3977,nulo_obligatorio:tipo_via
synthetic_traffic,3978,nulo_obligatorio:tipo_via
synthetic_traffic,3979,nulo_obligatorio:tipo_via
synthetic_traffic,3980,nulo_obligatorio:tipo_via
synthetic_traffic,3981,nulo_obligatorio:tipo_via
synthetic_traffic,3982,nulo_obligatorio:tipo_via
synthetic_traffic,3983,nulo_obligatorio:tipo_via
synthetic_traffic,3984,nulo_obligatorio:tipo_via
synthetic_traffic,3985,nulo_obligatorio:tipo_via
synthetic_traffic,3986,nulo_obligatorio:tipo_via
synthetic_traffic,3987,nulo_obligatorio:tipo_via
synthetic_traffic,3988,nulo_obligatorio:tipo_via
synthetic_traffic,3989,nulo_obligatorio:tipo_via
synthetic_traffic,3990,nulo_obligatorio:tipo_via
synthetic_traffic,3991,nulo_obligatorio:tipo_via
synthetic_traffic,3992,nulo_obligatorio:tipo_via
synthetic_traffic,3993,nulo_obligatorio:tipo_via
synthetic_traffic,3994,nulo_obligatorio:tipo_via
synthetic_traffic,3995,nulo_obligatorio:tipo_via
synthetic_traffic,3996,nulo_obligatorio:tipo_via
synthetic_traffic,3997,nulo_obligatorio:tipo_via
synthetic_traffic,3998,nulo_obligatorio:tipo_via
synthetic_traffic,3999,nulo_obligatorio:tipo_via
synthetic_traffic,4000,nulo_obligatorio:tipo_via
synthetic_traffic,4001,nulo_obligatorio:tipo_via
synthetic_traffic,4002,nulo_obligatorio:tipo_via
synthetic_traffic,4003,nulo_obligatorio:tipo_via
synthetic_traffic,4004,nulo_obligatorio:tipo_via
synthetic_traffic,4005,nulo_obligatorio:tipo_via
synthetic_traffic,4006,nulo_obligatorio:tipo_via
synthetic_traffic,4007,nulo_obligatorio:tipo_via
synthetic_traffic,4008,nulo_obligatorio:tipo_via
synthetic_traffic,4009,nulo_obligatorio:tipo_via
synthetic_traffic,4010,nulo_obligatorio:tipo_via
synthetic_traffic,4011,nulo_obligatorio:tipo_via
synthetic_traffic,4012,nulo_obligatorio:tipo_via
synthetic_traffic,4013,nulo_obligatorio:tipo_via
synthetic_traffic,4014,nulo_obligatorio:tipo_via
synthetic_traffic,4015,nulo_obligatorio:tipo_via
synthetic_traffic,4016,nulo_obligatorio:tipo_via
synthetic_traffic,4017,nulo_obligatorio:tipo_via
synthetic_traffic,4018,nulo_obligatorio:tipo_via
synthetic_traffic,4019,nulo_obligatorio:tipo_via
synthetic_traffic,4020,nulo_obligatorio:tipo_via
synthetic_traffic,4021,nulo_obligatorio:tipo_via
synthetic_traffic,4022,nulo_obligatorio:tipo_via
synthetic_traffic,4023,nulo_obligatorio:tipo_via
synthetic_traffic,4024,nulo_obligatorio:tipo_via
synthetic_traffic,4025,nulo_obligatorio:tipo_via
synthetic_traffic,4026,nulo_obligatorio:tipo_via
synthetic_traffic,4027,nulo_obligatorio:tipo_via
synthetic_traffic,4028,nulo_obligatorio:tipo_via
synthetic_traffic,4029,nulo_obligatorio:tipo_via
synthetic_traffic,4030,nulo_obligatorio:tipo_via
synthetic_traffic,4031,nulo_obligatorio:tipo_via
synthetic_traffic,4032,nulo_obligatorio:tipo_via
synthetic_traffic,4033,nulo_obligatorio:tipo_via
synthetic_traffic,4034,nulo_obligatorio:tipo_via
synthetic_traffic,4035,nulo_obligatorio:tipo_via
synthetic_traffic,4036,nulo_obligatorio:tipo_via
synthetic_traffic,4037,nulo_obligatorio:tipo_via
synthetic_traffic,4038,nulo_obligatorio:tipo_via
synthetic_traffic,4039,nulo_obligatorio:tipo_via
synthetic_traffic,4040,nulo_obligatorio:tipo_via
synthetic_traffic,4041,nulo_obligatorio:tipo_via
synthetic_traffic,4042,nulo_obligatorio:tipo_via
synthetic_traffic,4043,nulo_obligatorio:tipo_via
synthetic_traffic,4044,nulo_obligatorio:tipo_via
synthetic_traffic,4045,nulo_obligatorio:tipo_via
synthetic_traffic,4046,nulo_obligatorio:tipo_via
synthetic_traffic,4047,nulo_obligatorio:tipo_via
synthetic_traffic,4048,nulo_obligatorio:tipo_via
synthetic_traffic,4049,nulo_obligatorio:tipo_via
synthetic_traffic,4050,nulo_obligatorio:tipo_via
synthetic_traffic,4051,nulo_obligatorio:tipo_via
synthetic_traffic,4052,nulo_obligatorio:tipo_via
synthetic_traffic,4053,nulo_obligatorio:tipo_via
synthetic_traffic,4054,nulo_obligatorio:tipo_via
synthetic_traffic,4055,nulo_obligatorio:tipo_via
synthetic_traffic,4056,nulo_obligatorio:tipo_via
synthetic_traffic,4057,nulo_obligatorio:tipo_via
synthetic_traffic,4058,nulo_obligatorio:tipo_via
synthetic_traffic,4059,nulo_obligatorio:tipo_via
synthetic_traffic,4060,nulo_obligatorio:tipo_via
synthetic_traffic,4061,nulo_obligatorio:tipo_via
synthetic_traffic,4062,nulo_obligatorio:tipo_via
synthetic_traffic,4063,nulo_obligatorio:tipo_via
synthetic_traffic,4064,nulo_obligatorio:tipo_via
synthetic_traffic,4065,nulo_obligatorio:tipo_via
synthetic_traffic,4066,nulo_obligatorio:tipo_via
synthetic_traffic,4067,nulo_obligatorio:tipo_via
synthetic_traffic,4068,nulo_obligatorio:tipo_via
synthetic_traffic,4069,nulo_obligatorio:tipo_via
synthetic_traffic,4070,nulo_obligatorio:tipo_via
synthetic_traffic,4071,nulo_obligatorio:tipo_via
synthetic_traffic,4072,nulo_obligatorio:tipo_via
synthetic_traffic,4073,nulo_obligatorio:tipo_via
synthetic_traffic,4074,nulo_obligatorio:tipo_via
synthetic_traffic,4075,nulo_obligatorio:tipo_via
synthetic_traffic,4076,nulo_obligatorio:tipo_via
synthetic_traffic,4077,nulo_obligatorio:tipo_via
synthetic_traffic,4078,nulo_obligatorio:tipo_via
synthetic_traffic,4079,nulo_obligatorio:tipo_via
synthetic_traffic,4080,nulo_obligatorio:tipo_via
synthetic_traffic,4081,nulo_obligatorio:tipo_via
synthetic_traffic,4082,nulo_obligatorio:tipo_via
synthetic_traffic,4083,nulo_obligatorio:tipo_via
synthetic_traffic,4084,nulo_obligatorio:tipo_via
synthetic_traffic,4085,nulo_obligatorio:tipo_via
synthetic_traffic,4086,nulo_obligatorio:tipo_via
synthetic_traffic,4087,nulo_obligatorio:tipo_via
synthetic_traffic,4088,nulo_obligatorio:tipo_via
synthetic_traffic,4089,nulo_obligatorio:tipo_via
synthetic_traffic,4090,nulo_obligatorio:tipo_via
synthetic_traffic,4091,nulo_obligatorio:tipo_via
synthetic_traffic,4092,nulo_obligatorio:tipo_via
synthetic_traffic,4093,nulo_obligatorio:tipo_via
synthetic_traffic,4094,nulo_obligatorio:tipo_via
synthetic_traffic,4095,nulo_obligatorio:tipo_via
synthetic_traffic,4096,nulo_obligatorio:tipo_via
synthetic_traffic,4097,nulo_obligatorio:tipo_via
synthetic_traffic,4098,nulo_obligatorio:tipo_via
synthetic_traffic,4099,nulo_obligatorio:tipo_via
synthetic_traffic,4100,nulo_obligatorio:tipo_via
synthetic_traffic,4101,nulo_obligatorio:tipo_via
synthetic_traffic,4102,nulo_obligatorio:tipo_via
synthetic_traffic,4103,nulo_obligatorio:tipo_via
synthetic_traffic,4104,nulo_obligatorio:tipo_via
synthetic_traffic,4105,nulo_obligatorio:tipo_via
synthetic_traffic,4106,nulo_obligatorio:tipo_via
synthetic_traffic,4107,nulo_obligatorio:tipo_via
synthetic_traffic,4108,nulo_obligatorio:tipo_via
synthetic_traffic,4109,nulo_obligatorio:tipo_via
synthetic_traffic,4110,nulo_obligatorio:tipo_via
synthetic_traffic,4111,nulo_obligatorio:tipo_via
synthetic_traffic,4112,nulo_obligatorio:tipo_via
synthetic_traffic,4113,nulo_obligatorio:tipo_via
synthetic_traffic,4114,nulo_obligatorio:tipo_via
synthetic_traffic,4115,nulo_obligatorio:tipo_via
synthetic_traffic,4116,nulo_obligatorio:tipo_via
synthetic_traffic,4117,nulo_obligatorio:tipo_via
synthetic_traffic,4118,nulo_obligatorio:tipo_via
synthetic_traffic,4119,nulo_obligatorio:tipo_via
synthetic_traffic,4120,nulo_obligatorio:tipo_via
synthetic_traffic,4121,nulo_obligatorio:tipo_via
synthetic_traffic,4122,nulo_obligatorio:tipo_via
synthetic_traffic,4123,nulo_obligatorio:tipo_via
synthetic_traffic,4124,nulo_obligatorio:tipo_via
synthetic_traffic,4125,nulo_obligatorio:tipo_via
synthetic_traffic,4126,nulo_obligatorio:tipo_via
synthetic_traffic,4127,nulo_obligatorio:tipo_via
synthetic_traffic,4128,nulo_obligatorio:tipo_via
synthetic_traffic,4129,nulo_obligatorio:tipo_via
synthetic_traffic,4130,nulo_obligatorio:tipo_via
synthetic_traffic,4131,nulo_obligatorio:tipo_via
synthetic_traffic,4132,nulo_obligatorio:tipo_via
synthetic_traffic,4133,nulo_obligatorio:tipo_via
synthetic_traffic,4134,nulo_obligatorio:tipo_via
synthetic_traffic,4135,nulo_obligatorio:tipo_via
synthetic_traffic,4136,nulo_obligatorio:tipo_via
synthetic_traffic,4137,nulo_obligatorio:tipo_via
synthetic_traffic,4138,nulo_obligatorio:tipo_via
synthetic_traffic,4139,nulo_obligatorio:tipo_via
synthetic_traffic,4140,nulo_obligatorio:tipo_via
synthetic_traffic,4141,nulo_obligatorio:tipo_via
synthetic_traffic,4142,nulo_obligatorio:tipo_via
synthetic_traffic,4143,nulo_obligatorio:tipo_via
synthetic_traffic,4144,nulo_obligatorio:tipo_via
synthetic_traffic,4145,nulo_obligatorio:tipo_via
synthetic_traffic,4146,nulo_obligatorio:tipo_via
synthetic_traffic,4147,nulo_obligatorio:tipo_via
synthetic_traffic,4148,nulo_obligatorio:tipo_via
synthetic_traffic,4149,nulo_obligatorio:tipo_via
synthetic_traffic,4150,nulo_obligatorio:tipo_via
synthetic_traffic,4151,nulo_obligatorio:tipo_via
synthetic_traffic,4152,nulo_obligatorio:tipo_via
synthetic_traffic,4153,nulo_obligatorio:tipo_via
synthetic_traffic,4154,nulo_obligatorio:tipo_via
synthetic_traffic,4155,nulo_obligatorio:tipo_via
synthetic_traffic,4156,nulo_obligatorio:tipo_via
synthetic_traffic,4157,nulo_obligatorio:tipo_via
synthetic_traffic,4158,nulo_obligatorio:tipo_via
synthetic_traffic,4159,nulo_obligatorio:tipo_via
synthetic_traffic,4160,nulo_obligatorio:tipo_via
synthetic_traffic,4161,nulo_obligatorio:tipo_via
synthetic_traffic,4162,nulo_obligatorio:tipo_via
synthetic_traffic,4163,nulo_obligatorio:tipo_via
synthetic_traffic,4164,nulo_obligatorio:tipo_via
synthetic_traffic,4165,nulo_obligatorio:tipo_via
synthetic_traffic,4166,nulo_obligatorio:tipo_via
synthetic_traffic,4167,nulo_obligatorio:tipo_via
synthetic_traffic,4168,nulo_obligatorio:tipo_via
synthetic_traffic,4169,nulo_obligatorio:tipo_via
synthetic_traffic,4170,nulo_obligatorio:tipo_via
synthetic_traffic,4171,nulo_obligatorio:tipo_via
synthetic_traffic,4172,nulo_obligatorio:tipo_via
synthetic_traffic,4173,nulo_obligatorio:tipo_via
synthetic_traffic,4174,nulo_obligatorio:tipo_via
synthetic_traffic,4175,nulo_obligatorio:tipo_via
synthetic_traffic,4176,nulo_obligatorio:tipo_via
synthetic_traffic,4177,nulo_obligatorio:tipo_via
synthetic_traffic,4178,nulo_obligatorio:tipo_via
synthetic_traffic,4179,nulo_obligatorio:tipo_via
synthetic_traffic,4180,nulo_obligatorio:tipo_via
synthetic_traffic,4181,nulo_obligatorio:tipo_via
synthetic_traffic,4182,nulo_obligatorio:tipo_via
synthetic_traffic,4183,nulo_obligatorio:tipo_via
synthetic_traffic,4184,nulo_obligatorio:tipo_via
synthetic_traffic,4185,nulo_obligatorio:tipo_via
synthetic_traffic,4186,nulo_obligatorio:tipo_via
synthetic_traffic,4187,nulo_obligatorio:tipo_via
synthetic_traffic,4188,nulo_obligatorio:tipo_via
synthetic_traffic,4189,nulo_obligatorio:tipo_via
synthetic_traffic,4190,nulo_obligatorio:tipo_via
synthetic_traffic,4191,nulo_obligatorio:tipo_via
synthetic_traffic,4192,nulo_obligatorio:tipo_via
synthetic_traffic,4193,nulo_obligatorio:tipo_via
synthetic_traffic,4194,nulo_obligatorio:tipo_via
synthetic_traffic,4195,nulo_obligatorio:tipo_via
synthetic_traffic,4196,nulo_obligatorio:tipo_via
synthetic_traffic,4197,nulo_obligatorio:tipo_via
synthetic_traffic,4198,nulo_obligatorio:tipo_via
synthetic_traffic,4199,nulo_obligatorio:tipo_via
synthetic_traffic,4200,nulo_obligatorio:tipo_via
synthetic_traffic,4201,nulo_obligatorio:tipo_via
synthetic_traffic,4202,nulo_obligatorio:tipo_via
synthetic_traffic,4203,nulo_obligatorio:tipo_via
synthetic_traffic,4204,nulo_obligatorio:tipo_via
synthetic_traffic,4205,nulo_obligatorio:tipo_via
synthetic_traffic,4206,nulo_obligatorio:tipo_via
synthetic_traffic,4207,nulo_obligatorio:tipo_via
synthetic_traffic,4208,nulo_obligatorio:tipo_via
synthetic_traffic,4209,nulo_obligatorio:tipo_via
synthetic_traffic,4210,nulo_obligatorio:tipo_via
synthetic_traffic,4211,nulo_obligatorio:tipo_via
synthetic_traffic,4212,nulo_obligatorio:tipo_via
synthetic_traffic,4213,nulo_obligatorio:tipo_via
synthetic_traffic,4214,nulo_obligatorio:tipo_via
synthetic_traffic,4215,nulo_obligatorio:tipo_via
synthetic_traffic,4216,nulo_obligatorio:tipo_via
synthetic_traffic,4217,nulo_obligatorio:tipo_via
synthetic_traffic,4218,nulo_obligatorio:tipo_via
synthetic_traffic,4219,nulo_obligatorio:tipo_via
synthetic_traffic,4220,nulo_obligatorio:tipo_via
synthetic_traffic,4221,nulo_obligatorio:tipo_via
synthetic_traffic,4222,nulo_obligatorio:tipo_via
synthetic_traffic,4223,nulo_obligatorio:tipo_via
synthetic_traffic,4224,nulo_obligatorio:tipo_via
synthetic_traffic,4225,nulo_obligatorio:tipo_via
synthetic_traffic,4226,nulo_obligatorio:tipo_via
synthetic_traffic,4227,nulo_obligatorio:tipo_via
synthetic_traffic,4228,nulo_obligatorio:tipo_via
synthetic_traffic,4229,nulo_obligatorio:tipo_via
synthetic_traffic,4230,nulo_obligatorio:tipo_via
synthetic_traffic,4231,nulo_obligatorio:tipo_via
synthetic_traffic,4232,nulo_obligatorio:tipo_via
synthetic_traffic,4233,nulo_obligatorio:tipo_via
synthetic_traffic,4234,nulo_obligatorio:tipo_via
synthetic_traffic,4235,nulo_obligatorio:tipo_via
